Cohort,Bench,Population,Block,Positions,Height (mm),Notes
cohort 1,1,CAAM,12,A03,12,
cohort 1,1,CAAM,12,A05,15,
cohort 1,1,CAAM,12,B12,22,
cohort 1,1,CAAM,12,E01,32,
cohort 1,1,CAAM,12,F04,17,
cohort 1,1,CAAM,12,F06,25,
cohort 1,2,CAAM,8,A03,16,
cohort 1,2,CAAM,8,A07,15,
cohort 1,2,CAAM,8,B02,9,
cohort 1,2,CAAM,8,C07,6,
cohort 1,2,CAAM,8,C11,12,
cohort 1,2,CAAM,8,D08,17,
cohort 1,3,CAAM,9,A01,7,
cohort 1,3,CAAM,9,A05,10,
cohort 1,3,CAAM,9,C05,10,
cohort 1,3,CAAM,9,D02,18,
cohort 1,3,CAAM,9,F10,22,
cohort 1,3,CAAM,9,G01,26,
cohort 1,4,CAAM,5,A07,16,
cohort 1,4,CAAM,5,B02,15,
cohort 1,4,CAAM,5,D06,21,
cohort 1,4,CAAM,5,E13,17,
cohort 1,4,CAAM,5,G03,23,
cohort 1,4,CAAM,5,G05,14,
cohort 1,Extra,CAAM,,1,12,
cohort 1,Extra,CAAM,,2,11,
cohort 1,Extra,CAAM,,3,3,
cohort 1,Extra,CAAM,,4,17,
cohort 1,Extra,CAAM,,5,21,
cohort 1,1,CAAN1,14,B12,10,coh 7 blk 2 rep 13
cohort 1,1,CAAN1,14,C05,13,
cohort 1,1,CAAN1,14,F02,19,
cohort 1,1,CAAN1,14,F10,21,
cohort 1,1,CAAN1,14,F12,8,coh 7 blk 3 rep 12
cohort 1,1,CAAN1,14,G03,10,coh 4 blk 2 rep 13
cohort 1,2,CAAN1,9,A01,12,was an extra plant
cohort 1,2,CAAN1,9,C01,15,coh 5 blk 1 rep 11
cohort 1,2,CAAN1,9,C09,7,coh 2 blk 2 rep 10
cohort 1,2,CAAN1,9,D02,12,coh 5 blk 1 rep 1
cohort 1,2,CAAN1,9,E09,15,
cohort 1,2,CAAN1,9,G09,9,
cohort 1,3,CAAN1,5,D04,13,coh 3 blk 3 rep 12
cohort 1,3,CAAN1,5,E01,9,coh 1 blk 2 rep 16
cohort 1,3,CAAN1,5,E05,14,
cohort 1,3,CAAN1,5,E09,10,
cohort 1,3,CAAN1,5,F04,11,coh 6 blk 1 rep 15
cohort 1,3,CAAN1,5,G03,11,
cohort 1,4,CAAN1,9,A09,13,
cohort 1,4,CAAN1,9,A11,13,
cohort 1,4,CAAN1,9,B14,6,con1 blk1 rep 11
cohort 1,4,CAAN1,9,C07,11,coh 2 blk 2 rep 5
cohort 1,4,CAAN1,9,D10,6,coh 4 blk 2 rep 9
cohort 1,4,CAAN1,9,E13,10,coh 2 blk 2 rep 7 
cohort 1,Extra,CAAN1,,1,2,
cohort 1,1,CAAN2,1,B02,7,
cohort 1,1,CAAN2,1,B04,13,coh 6 blk 1 rep 1
cohort 1,1,CAAN2,1,B10,6,
cohort 1,1,CAAN2,1,C05,10,coh 2 blk 1 rep 10
cohort 1,1,CAAN2,1,C07,6,coh 4 blk 1 rep 2
cohort 1,1,CAAN2,1,E07,15,coh 3 blk 1 rep 2; 10/12/21; replaced by extra
cohort 1,2,CAAN2,6,A05,13,
cohort 1,2,CAAN2,6,B12,9,coh 3 blk 1 rep 3
cohort 1,2,CAAN2,6,E07,12,
cohort 1,2,CAAN2,6,F02,10,coh 5 blk 2 rep 3
cohort 1,2,CAAN2,6,F10,6,
cohort 1,2,CAAN2,6,G13,5,coh 6 blk 3 rep 11
cohort 1,3,CAAN2,2,B04,7,
cohort 1,3,CAAN2,2,D04,15,coh 3 blk 1 rep 8
cohort 1,3,CAAN2,2,F08,20,
cohort 1,3,CAAN2,2,G01,7,coh 3 blk 3 rep 14
cohort 1,3,CAAN2,2,G07,12,coh 1 blk 1 rep 12
cohort 1,3,CAAN2,2,G09,10,
cohort 1,4,CAAN2,10,B08,22,
cohort 1,4,CAAN2,10,C09,10,coh 3 blk 1 rep 1
cohort 1,4,CAAN2,10,C11,9,coh 5 blk 3 rep 11
cohort 1,4,CAAN2,10,D10,6,
cohort 1,4,CAAN2,10,D12,11,
cohort 1,4,CAAN2,10,G13,9,coh 4 blk 1 rep 5
cohort 1,Extra,CAAN2,,1,15,coh 3 blk 1 rep 2; 10/12/21; replaced 1 pos: e07
cohort 1,Extra,CAAN2,,2,9,coh 5 blk 2 rep 5; 10/12/21
cohort 1,Extra,CAAN2,,3,11,coh 6 blk 2 rep 10; 10/12/21
cohort 1,1,CACO1,7,A13,15,
cohort 1,1,CACO1,7,B02,15,replaced by extra
cohort 1,1,CACO1,7,D14,24,
cohort 1,1,CACO1,7,E09,14,
cohort 1,1,CACO1,7,G01,20,
cohort 1,1,CACO1,7,G07,16,
cohort 1,2,CACO1,1,B02,11,
cohort 1,2,CACO1,1,B06,16,
cohort 1,2,CACO1,1,C05,19,
cohort 1,2,CACO1,1,E03,19,
cohort 1,2,CACO1,1,F02,16,
cohort 1,2,CACO1,1,F10,19,
cohort 1,3,CACO1,14,B02,16,
cohort 1,3,CACO1,14,B04,31,
cohort 1,3,CACO1,14,C09,18,
cohort 1,3,CACO1,14,E01,19,
cohort 1,3,CACO1,14,F14,28,
cohort 1,3,CACO1,14,G01,12,
cohort 1,4,CACO1,4,B02,16,
cohort 1,4,CACO1,4,C05,17,
cohort 1,4,CACO1,4,D10,19,
cohort 1,4,CACO1,4,E11,21,
cohort 1,4,CACO1,4,F14,15,
cohort 1,4,CACO1,4,G09,12,
cohort 1,Extra,CACO1,,1,15,replaced 1 pos: b02
cohort 1,Extra,CACO1,,2,22,
cohort 1,1,CAIN3,11,C03,25,coh 6 blk 2 rep 6; replaced by extra
cohort 1,1,CAIN3,11,C09,9,
cohort 1,1,CAIN3,11,D08,21,
cohort 1,1,CAIN3,11,D14,7,
cohort 1,1,CAIN3,11,F04,4,
cohort 1,1,CAIN3,11,F12,20,coh 2 blk 3 rep 5
cohort 1,2,CAIN3,3,A03,13,
cohort 1,2,CAIN3,3,B14,16,
cohort 1,2,CAIN3,3,D06,11,
cohort 1,2,CAIN3,3,D10,16,
cohort 1,2,CAIN3,3,E09,15,coh 5 blk 2 rep
cohort 1,2,CAIN3,3,G05,9,coh 7 blk 3 rep 1
cohort 1,3,CAIN3,13,A05,14,
cohort 1,3,CAIN3,13,B14,18,
cohort 1,3,CAIN3,13,C09,22,
cohort 1,3,CAIN3,13,E13,16,
cohort 1,3,CAIN3,13,G03,9,coh 7 blk 1 rep 15
cohort 1,3,CAIN3,13,G07,25,coh 6 blk 3 rep 11
cohort 1,4,CAIN3,6,B08,16,
cohort 1,4,CAIN3,6,C07,29,
cohort 1,4,CAIN3,6,D06,26,
cohort 1,4,CAIN3,6,E01,25,
cohort 1,4,CAIN3,6,E09,12,coh 1 blk 1 rep 15
cohort 1,4,CAIN3,6,G13,16,coh blk 1 rep 14
cohort 1,Extra,CAIN3,,1,21,
cohort 1,Extra,CAIN3,,2,25,coh 6 blk 2 rep 6; replaced 1 pos: c03
cohort 1,Extra,CAIN3,,3,15,
cohort 1,1,CAIN4,13,A03,21,
cohort 1,1,CAIN4,13,A05,14,
cohort 1,1,CAIN4,13,B12,19,
cohort 1,1,CAIN4,13,E05,10,
cohort 1,1,CAIN4,13,E09,6,
cohort 1,1,CAIN4,13,E13,18,
cohort 1,2,CAIN4,14,A01,12,
cohort 1,2,CAIN4,14,B02,11,
cohort 1,2,CAIN4,14,C05,22,
cohort 1,2,CAIN4,14,C09,17,
cohort 1,2,CAIN4,14,E01,16,
cohort 1,2,CAIN4,14,E07,16,coh 4 blk 3 rep 14
cohort 1,3,CAIN4,12,D10,11,
cohort 1,3,CAIN4,12,D12,20,
cohort 1,3,CAIN4,12,E11,21,
cohort 1,3,CAIN4,12,F02,14,
cohort 1,3,CAIN4,12,G01,15,
cohort 1,3,CAIN4,12,G07,18,coh 2 blk 2 rep 9
cohort 1,4,CAIN4,12,A05,12,
cohort 1,4,CAIN4,12,C07,9,
cohort 1,4,CAIN4,12,D02,16,
cohort 1,4,CAIN4,12,D04,14,
cohort 1,4,CAIN4,12,E13,13,
cohort 1,4,CAIN4,12,F04,23,coh 3 blk 2 rep 8
cohort 1,Extra,CAIN4,,1,15,coh 4 blk 1 rep 2 10/12/21
cohort 1,Extra,CAIN4,,2,14,coh 7 blk 2 rep 7 10/12/21
cohort 1,1,STBR3,8,A13,10,
cohort 1,1,STBR3,8,D10,9,
cohort 1,1,STBR3,8,E03,13,
cohort 1,1,STBR3,8,F10,12,
cohort 1,1,STBR3,8,F12,10,
cohort 1,1,STBR3,8,G07,12,
cohort 1,2,STBR3,5,A13,12,
cohort 1,2,STBR3,5,B10,7,
cohort 1,2,STBR3,5,B12,11,
cohort 1,2,STBR3,5,B14,8,
cohort 1,2,STBR3,5,D02,7,
cohort 1,2,STBR3,5,F06,7,
cohort 1,3,STBR3,3,A03,13,
cohort 1,3,STBR3,3,B04,8,
cohort 1,3,STBR3,3,C07,9,
cohort 1,3,STBR3,3,D10,9,
cohort 1,3,STBR3,3,E01,9,
cohort 1,3,STBR3,3,G01,10,
cohort 1,4,STBR3,2,A11,12,
cohort 1,4,STBR3,2,B04,7,
cohort 1,4,STBR3,2,C01,12,
cohort 1,4,STBR3,2,C07,11,
cohort 1,4,STBR3,2,F04,10,
cohort 1,4,STBR3,2,G01,11,
cohort 1,Extra,STBR3,,1,10,
cohort 1,Extra,STBR3,,2,11,
cohort 1,Extra,STBR3,,3,11,
cohort 1,1,STDI,9,A13,14,
cohort 1,1,STDI,9,B04,24,
cohort 1,1,STDI,9,D02,16,
cohort 1,1,STDI,9,D04,32,
cohort 1,1,STDI,9,E09,31,
cohort 1,1,STDI,9,G05,28,
cohort 1,2,STDI,13,A01,34,
cohort 1,2,STDI,13,A07,32,
cohort 1,2,STDI,13,B02,19,
cohort 1,2,STDI,13,B10,32,
cohort 1,2,STDI,13,C11,29,
cohort 1,2,STDI,13,D12,22,
cohort 1,3,STDI,8,C09,23,
cohort 1,3,STDI,8,C13,31,
cohort 1,3,STDI,8,D08,25,
cohort 1,3,STDI,8,D10,20,
cohort 1,3,STDI,8,E05,11,
cohort 1,3,STDI,8,F10,22,
cohort 1,4,STDI,14,B12,23,
cohort 1,4,STDI,14,D02,14,
cohort 1,4,STDI,14,D04,17,
cohort 1,4,STDI,14,D12,11,
cohort 1,4,STDI,14,G01,11,
cohort 1,4,STDI,14,G13,23,
cohort 1,Extra,STDI,,1,21,
cohort 1,Extra,STDI,,2,23,
cohort 1,Extra,STDI,,3,17,
cohort 1,1,STDR2,5,B08,11,
cohort 1,1,STDR2,5,B10,14,
cohort 1,1,STDR2,5,C13,5,
cohort 1,1,STDR2,5,F06,5,
cohort 1,1,STDR2,5,F10,5,
cohort 1,1,STDR2,5,G09,7,
cohort 1,2,STDR2,2,A09,5,
cohort 1,2,STDR2,2,A11,9,
cohort 1,2,STDR2,2,B02,3,
cohort 1,2,STDR2,2,C01,3,
cohort 1,2,STDR2,2,C13,6,
cohort 1,2,STDR2,2,G13,6,
cohort 1,3,STDR2,4,A03,5,
cohort 1,3,STDR2,4,A05,8,
cohort 1,3,STDR2,4,A13,8,
cohort 1,3,STDR2,4,B12,6,from original flat 9/20 transplanted 10/12
cohort 1,3,STDR2,4,C13,6,
cohort 1,3,STDR2,4,G11,6,planted 10/8/21
cohort 1,4,STDR2,11,B02,6,
cohort 1,4,STDR2,11,C03,7,
cohort 1,4,STDR2,11,C07,6,
cohort 1,4,STDR2,11,E09,7,planted 10/8/21
cohort 1,4,STDR2,11,F04,6,
cohort 1,4,STDR2,11,F06,7,from original flat from 9/20 transplanted 10/12
cohort 1,1,STGL1,4,A13,5,coh 6 blk 2 rep 11
cohort 1,1,STGL1,4,B08,7,coh 4 blk 3 rep 3
cohort 1,1,STGL1,4,B10,10,
cohort 1,1,STGL1,4,D14,10,coh 7 blk 1 rep 7
cohort 1,1,STGL1,4,E11,8,coh 6 blk 1 rep 5
cohort 1,1,STGL1,4,G13,4,coh 4 blk 3 rep 4
cohort 1,2,STGL1,12,B04,8,coh 7 blk 2 rep 14
cohort 1,2,STGL1,12,B14,10,
cohort 1,2,STGL1,12,C05,6,coh 4 blk 3 rep 9
cohort 1,2,STGL1,12,E13,4,coh 7 blk 1 rep 2
cohort 1,2,STGL1,12,F10,4,coh 1 blk 3 rep 7
cohort 1,2,STGL1,12,F12,9,
cohort 1,3,STGL1,10,A01,11,
cohort 1,3,STGL1,10,D02,8,coh 6 blk 2 rep 15
cohort 1,3,STGL1,10,E11,15,coh 6 blk 3 rep 11
cohort 1,3,STGL1,10,F14,9,coh 7 blk 2 rep 6
cohort 1,3,STGL1,10,G03,7,coh 6 blk 1 rep 15
cohort 1,3,STGL1,10,G11,11,coh 7 blk 3 rep 9
cohort 1,4,STGL1,7,A01,6,coh 4 blk 2 rep 10
cohort 1,4,STGL1,7,D12,10,coh 6 blk 2 rep 10
cohort 1,4,STGL1,7,E09,14,coh 4 blk 3 rep 14
cohort 1,4,STGL1,7,F12,9,coh 6 blk 3 rep 14
cohort 1,4,STGL1,7,G05,7,coh 6 blk 1 rep 10
cohort 1,4,STGL1,7,G13,11,coh 4 blk 1 rep 2
cohort 1,1,STIN,2,A09,21,
cohort 1,1,STIN,2,B06,23,
cohort 1,1,STIN,2,B14,18,
cohort 1,1,STIN,2,D10,20,
cohort 1,1,STIN,2,D14,9,
cohort 1,1,STIN,2,F04,17,
cohort 1,2,STIN,4,A07,12,
cohort 1,2,STIN,4,B06,5,
cohort 1,2,STIN,4,C01,11,
cohort 1,2,STIN,4,C11,11,
cohort 1,2,STIN,4,E07,5,
cohort 1,2,STIN,4,F06,9,
cohort 1,3,STIN,1,A05,11,
cohort 1,3,STIN,1,A11,15,
cohort 1,3,STIN,1,C03,13,
cohort 1,3,STIN,1,D04,12,
cohort 1,3,STIN,1,D12,9,
cohort 1,3,STIN,1,E07,6,
cohort 1,4,STIN,8,B10,15,
cohort 1,4,STIN,8,B12,11,
cohort 1,4,STIN,8,C03,12,
cohort 1,4,STIN,8,E07,10,
cohort 1,4,STIN,8,F04,12,
cohort 1,4,STIN,8,F08,14,
cohort 1,Extra,STIN,,1,9,
cohort 1,Extra,STIN,,2,12,
cohort 1,Extra,STIN,,3,15,
cohort 1,Extra,STIN,,4,6,
cohort 1,1,STPO,3,A07,8,
cohort 1,1,STPO,3,B04,8,
cohort 1,1,STPO,3,E09,11,
cohort 1,1,STPO,3,F02,7,
cohort 1,1,STPO,3,F06,5,
cohort 1,1,STPO,3,G03,7,
cohort 1,2,STPO,7,B04,8,
cohort 1,2,STPO,7,B06,4,
cohort 1,2,STPO,7,B08,6,
cohort 1,2,STPO,7,B10,6,
cohort 1,2,STPO,7,E13,7,
cohort 1,2,STPO,7,G09,10,
cohort 1,3,STPO,11,A05,11,
cohort 1,3,STPO,11,A07,8,
cohort 1,3,STPO,11,D12,8,
cohort 1,3,STPO,11,E07,9,
cohort 1,3,STPO,11,F02,9,
cohort 1,3,STPO,11,F06,12,
cohort 1,4,STPO,3,A01,10,
cohort 1,4,STPO,3,A07,13,
cohort 1,4,STPO,3,B12,6,
cohort 1,4,STPO,3,E03,11,
cohort 1,4,STPO,3,F10,11,
cohort 1,4,STPO,3,G11,15,
cohort 1,Extra,STPO,,1,4,
cohort 1,1,STTO_BH,10,A05,5,
cohort 1,1,STTO_BH,10,A07,15,
cohort 1,1,STTO_BH,10,C07,12,
cohort 1,1,STTO_BH,10,C13,15,
cohort 1,1,STTO_BH,10,D04,8,
cohort 1,1,STTO_BH,10,G05,13,
cohort 1,2,STTO_BH,11,B10,11,
cohort 1,2,STTO_BH,11,D12,17,
cohort 1,2,STTO_BH,11,E09,8,
cohort 1,2,STTO_BH,11,F04,10,
cohort 1,2,STTO_BH,11,G01,8,
cohort 1,2,STTO_BH,11,G13,14,
cohort 1,3,STTO_BH,6,A01,6,
cohort 1,3,STTO_BH,6,A05,7,
cohort 1,3,STTO_BH,6,B14,12,
cohort 1,3,STTO_BH,6,C03,18,
cohort 1,3,STTO_BH,6,C11,13,
cohort 1,3,STTO_BH,6,E13,5,
cohort 1,4,STTO_BH,1,A05,4,
cohort 1,4,STTO_BH,1,A13,11,
cohort 1,4,STTO_BH,1,B10,17,
cohort 1,4,STTO_BH,1,D14,5,
cohort 1,4,STTO_BH,1,F02,10,
cohort 1,4,STTO_BH,1,G13,11,
cohort 1,Extra,STTO_BH,,1,10,
cohort 1,Extra,STTO_BH,,2,7,
cohort 1,Extra,STTO_BH,,3,9,
cohort 1,Extra,STTO_BH,,4,12,
cohort 1,1,STTO_TM2,6,A09,NA,
cohort 1,1,STTO_TM2,6,A11,12,
cohort 1,1,STTO_TM2,6,A13,14,
cohort 1,1,STTO_TM2,6,B08,8,
cohort 1,1,STTO_TM2,6,B14,NA,
cohort 1,1,STTO_TM2,6,G05,21,
cohort 1,2,STTO_TM2,10,A07,20,
cohort 1,2,STTO_TM2,10,B08,10,
cohort 1,2,STTO_TM2,10,B14,NA,
cohort 1,2,STTO_TM2,10,C03,NA,
cohort 1,2,STTO_TM2,10,F04,12,
cohort 1,2,STTO_TM2,10,G07,13,
cohort 1,3,STTO_TM2,7,A05,NA,
cohort 1,3,STTO_TM2,7,B08,12,
cohort 1,3,STTO_TM2,7,B14,16,
cohort 1,3,STTO_TM2,7,C11,9,
cohort 1,3,STTO_TM2,7,F02,NA,
cohort 1,3,STTO_TM2,7,F10,NA,
cohort 1,4,STTO_TM2,13,A01,NA,
cohort 1,4,STTO_TM2,13,B04,9,
cohort 1,4,STTO_TM2,13,D10,NA,
cohort 1,4,STTO_TM2,13,E03,NA,
cohort 1,4,STTO_TM2,13,E11,14,
cohort 1,4,STTO_TM2,13,G11,13,
cohort 2,1,CAAM,,B02,9,
cohort 2,1,CAAM,,D04,10,
cohort 2,1,CAAM,,F08,8,
cohort 2,1,CAAM,,F14,13,
cohort 2,1,CAAM,,G03,7,
cohort 2,1,CAAM,,G07,9,
cohort 2,2,CAAM,,A13,7,
cohort 2,2,CAAM,,B04,8,
cohort 2,2,CAAM,,C03,6,
cohort 2,2,CAAM,,D14,9,
cohort 2,2,CAAM,,F10,10,
cohort 2,2,CAAM,,G07,7,
cohort 2,3,CAAM,,D10,10,
cohort 2,3,CAAM,,D12,6,
cohort 2,3,CAAM,,D14,7,
cohort 2,3,CAAM,,E11,10,
cohort 2,3,CAAM,,F04,8,
cohort 2,3,CAAM,,F14,13,
cohort 2,4,CAAM,,A03,14,
cohort 2,4,CAAM,,B12,7,
cohort 2,4,CAAM,,C01,6,
cohort 2,4,CAAM,,D14,6,
cohort 2,4,CAAM,,F04,12,
cohort 2,4,CAAM,,F14,11,
cohort 2,Extra,CAAM,,1,13,
cohort 2,Extra,CAAM,,2,6,
cohort 2,Extra,CAAM,,3,9,
cohort 2,1,CAAN1,,A09,14,
cohort 2,1,CAAN1,,B10,NA,
cohort 2,1,CAAN1,,C01,NA,
cohort 2,1,CAAN1,,C09,NA,
cohort 2,1,CAAN1,,C11,9,
cohort 2,1,CAAN1,,D06,NA,
cohort 2,2,CAAN1,,C05,4,
cohort 2,2,CAAN1,,C07,NA,
cohort 2,2,CAAN1,,D06,NA,
cohort 2,2,CAAN1,,D10,NA,
cohort 2,2,CAAN1,,E03,6,coh 4 blk 2 rep 14 (11/2)
cohort 2,2,CAAN1,,F06,3,
cohort 2,3,CAAN1,,A11,8,coh 5 blk 3 rep 3 (11/2)
cohort 2,3,CAAN1,,D02,4,
cohort 2,3,CAAN1,,D08,NA,
cohort 2,3,CAAN1,,D14,NA,
cohort 2,3,CAAN1,,F06,6,
cohort 2,3,CAAN1,,G13,5,
cohort 2,4,CAAN1,,A13,NA,
cohort 2,4,CAAN1,,B06,NA,
cohort 2,4,CAAN1,,D02,NA,
cohort 2,4,CAAN1,,E07,5,
cohort 2,4,CAAN1,,E09,8,coh 1 blk 3 rep 5 11/2
cohort 2,4,CAAN1,,G03,NA,
cohort 2,1,CAAN2,,A09,NA,
cohort 2,1,CAAN2,,B06,NA,
cohort 2,1,CAAN2,,C03,NA,
cohort 2,1,CAAN2,,D04,NA,
cohort 2,1,CAAN2,,D12,NA,
cohort 2,1,CAAN2,,G05,15,
cohort 2,2,CAAN2,,B06,NA,
cohort 2,2,CAAN2,,C03,NA,
cohort 2,2,CAAN2,,C07,NA,
cohort 2,2,CAAN2,,D02,NA,
cohort 2,2,CAAN2,,D10,3,coh 5 blk 3 D_03 CAAN2 4
cohort 2,2,CAAN2,,D14,NA,
cohort 2,3,CAAN2,,B12,NA,
cohort 2,3,CAAN2,,C07,NA,
cohort 2,3,CAAN2,,F10,NA,
cohort 2,3,CAAN2,,F12,NA,
cohort 2,3,CAAN2,,G03,NA,
cohort 2,3,CAAN2,,G05,NA,
cohort 2,4,CAAN2,,A11,NA,
cohort 2,4,CAAN2,,B02,NA,
cohort 2,4,CAAN2,,D08,NA,
cohort 2,4,CAAN2,,E05,NA,
cohort 2,4,CAAN2,,G07,NA,
cohort 2,4,CAAN2,,G11,NA,
cohort 2,1,CACO1,,B06,9,
cohort 2,1,CACO1,,C13,NA,
cohort 2,1,CACO1,,D04,NA,
cohort 2,1,CACO1,,D12,16,
cohort 2,1,CACO1,,E01,NA,
cohort 2,1,CACO1,,G03,11,
cohort 2,2,CACO1,,B14,NA,
cohort 2,2,CACO1,,C07,9,
cohort 2,2,CACO1,,D06,3,didn’t survive transplant
cohort 2,2,CACO1,,E07,NA,
cohort 2,2,CACO1,,F14,NA,
cohort 2,2,CACO1,,G07,19,
cohort 2,3,CACO1,,A01,11,
cohort 2,3,CACO1,,A05,NA,
cohort 2,3,CACO1,,C05,11,
cohort 2,3,CACO1,,D02,14,
cohort 2,3,CACO1,,D10,NA,
cohort 2,3,CACO1,,E13,NA,
cohort 2,4,CACO1,,A11,12,
cohort 2,4,CACO1,,B08,11,
cohort 2,4,CACO1,,D06,NA,
cohort 2,4,CACO1,,D14,NA,
cohort 2,4,CACO1,,F04,NA,
cohort 2,4,CACO1,,F08,13,
cohort 2,1,CAIN3,,A11,NA,
cohort 2,1,CAIN3,,B10,NA,
cohort 2,1,CAIN3,,B14,19,
cohort 2,1,CAIN3,,C11,17,
cohort 2,1,CAIN3,,E05,NA,
cohort 2,1,CAIN3,,E09,21,
cohort 2,2,CAIN3,,A07,24,
cohort 2,2,CAIN3,,B08,11,
cohort 2,2,CAIN3,,D08,NA,
cohort 2,2,CAIN3,,E01,NA,
cohort 2,2,CAIN3,,F04,8,
cohort 2,2,CAIN3,,F10,NA,
cohort 2,3,CAIN3,,E01,NA,
cohort 2,3,CAIN3,,E03,NA,
cohort 2,3,CAIN3,,F14,14,
cohort 2,3,CAIN3,,G01,14,
cohort 2,3,CAIN3,,G09,NA,
cohort 2,3,CAIN3,,G13,13,
cohort 2,4,CAIN3,,B02,11,
cohort 2,4,CAIN3,,E11,15,coh 5 blk 3 rep 7 (11/2)
cohort 2,4,CAIN3,,E13,NA,
cohort 2,4,CAIN3,,F02,NA,
cohort 2,4,CAIN3,,G01,8,
cohort 2,4,CAIN3,,G03,19,
cohort 2,1,CAIN4,,A11,NA,
cohort 2,1,CAIN4,,B14,NA,
cohort 2,1,CAIN4,,D08,18,
cohort 2,1,CAIN4,,E03,7,
cohort 2,1,CAIN4,,F06,NA,
cohort 2,1,CAIN4,,G07,13,
cohort 2,2,CAIN4,,B08,NA,
cohort 2,2,CAIN4,,B10,8,
cohort 2,2,CAIN4,,D04,NA,
cohort 2,2,CAIN4,,D10,NA,
cohort 2,2,CAIN4,,E11,4,
cohort 2,2,CAIN4,,G01,8,
cohort 2,3,CAIN4,,A03,NA,
cohort 2,3,CAIN4,,B08,NA,
cohort 2,3,CAIN4,,C09,7,
cohort 2,3,CAIN4,,F04,12,
cohort 2,3,CAIN4,,F12,8,didn’t survive transplant
cohort 2,3,CAIN4,,G05,NA,
cohort 2,4,CAIN4,,A11,7,11/2/21 transplant
cohort 2,4,CAIN4,,B06,12,
cohort 2,4,CAIN4,,B10,NA,
cohort 2,4,CAIN4,,D06,NA,
cohort 2,4,CAIN4,,G07,10,didn’t survive transplant
cohort 2,4,CAIN4,,G11,11,
cohort 2,1,STBR3,,B02,12,
cohort 2,1,STBR3,,B06,4,
cohort 2,1,STBR3,,C09,4,
cohort 2,1,STBR3,,E11,7,
cohort 2,1,STBR3,,E13,10,
cohort 2,1,STBR3,,G01,3,
cohort 2,2,STBR3,,A09,8,
cohort 2,2,STBR3,,D06,8,
cohort 2,2,STBR3,,D14,8,11/2/21 transplant
cohort 2,2,STBR3,,F04,5,
cohort 2,2,STBR3,,G07,6,
cohort 2,2,STBR3,,G09,23,
cohort 2,3,STBR3,,A01,6,11/2/21 transplant
cohort 2,3,STBR3,,A07,12,
cohort 2,3,STBR3,,C03,11,
cohort 2,3,STBR3,,D02,10,
cohort 2,3,STBR3,,E11,10,
cohort 2,3,STBR3,,G05,11,
cohort 2,4,STBR3,,A03,8,
cohort 2,4,STBR3,,B06,7,
cohort 2,4,STBR3,,B14,9,11/2/21 transplant
cohort 2,4,STBR3,,C09,9,
cohort 2,4,STBR3,,D04,6,
cohort 2,4,STBR3,,F08,3,
cohort 2,Extra,STBR3,,1,7,11/2/21 transplant
cohort 2,Extra,STBR3,,2,8,11/2/21 transplant
cohort 2,Extra,STBR3,,3,7,11/2/21 transplant
cohort 2,1,STDI,,C03,NA,
cohort 2,1,STDI,,E03,13,
cohort 2,1,STDI,,E11,24,
cohort 2,1,STDI,,F10,12,
cohort 2,1,STDI,,G01,NA,
cohort 2,1,STDI,,G09,22,
cohort 2,2,STDI,,A03,9,
cohort 2,2,STDI,,E05,9,coh 1 blk 3 rep 16 11/2/21
cohort 2,2,STDI,,F02,NA,
cohort 2,2,STDI,,F12,23,
cohort 2,2,STDI,,G03,14,
cohort 2,2,STDI,,G13,11,
cohort 2,3,STDI,,B04,13,
cohort 2,3,STDI,,C01,8,
cohort 2,3,STDI,,E09,12,
cohort 2,3,STDI,,F08,NA,
cohort 2,3,STDI,,G05,14,
cohort 2,3,STDI,,G07,NA,
cohort 2,4,STDI,,B04,NA,
cohort 2,4,STDI,,B06,16,
cohort 2,4,STDI,,C09,11,
cohort 2,4,STDI,,E05,NA,
cohort 2,4,STDI,,F06,11,
cohort 2,4,STDI,,F08,NA,
cohort 2,1,STDR2,,A07,6,
cohort 2,1,STDR2,,C01,13,
cohort 2,1,STDR2,,D02,7,
cohort 2,1,STDR2,,E07,9,11/2/21
cohort 2,1,STDR2,,F04,7,
cohort 2,1,STDR2,,G13,12,
cohort 2,2,STDR2,,C05,8,
cohort 2,2,STDR2,,C07,7,
cohort 2,2,STDR2,,D02,11,
cohort 2,2,STDR2,,E05,8,
cohort 2,2,STDR2,,E09,12,
cohort 2,2,STDR2,,F04,7,11/2/21
cohort 2,3,STDR2,,B06,8,
cohort 2,3,STDR2,,B14,6,
cohort 2,3,STDR2,,F06,11,
cohort 2,3,STDR2,,G05,9,11/2/21
cohort 2,3,STDR2,,G07,17,
cohort 2,3,STDR2,,G13,7,
cohort 2,4,STDR2,,B12,10,
cohort 2,4,STDR2,,D04,7,11/2/21
cohort 2,4,STDR2,,D08,9,
cohort 2,4,STDR2,,E13,8,
cohort 2,4,STDR2,,F10,6,
cohort 2,4,STDR2,,G09,7,
cohort 2,Extra,STDR2,,1,6,
cohort 2,Extra,STDR2,,2,10,
cohort 2,Extra,STDR2,,3,9,
cohort 2,1,STGL1,,A09,3,coh 7 blk 1 D_14 STGL1 8
cohort 2,1,STGL1,,C01,NA,
cohort 2,1,STGL1,,C07,10,
cohort 2,1,STGL1,,F08,NA,
cohort 2,1,STGL1,,F12,5,coh 1 blk 2 I_10 STGL1 8
cohort 2,1,STGL1,,G03,2,
cohort 2,2,STGL1,,A07,7,
cohort 2,2,STGL1,,A09,NA,
cohort 2,2,STGL1,,B10,10,coh 1 blk 2 E_14 STGL1 rep 4 11/18/21
cohort 2,2,STGL1,,F04,14,
cohort 2,2,STGL1,,F14,NA,
cohort 2,2,STGL1,,G07,3,11/2/21 transplant
cohort 2,3,STGL1,,B04,3,coh 6 blk 3 C_01 STGL1 11
cohort 2,3,STGL1,,C07,11,
cohort 2,3,STGL1,,E03,4,coh 1 blk 2 H_11 STGL1 16
cohort 2,3,STGL1,,F06,5,11/2/21 transplant
cohort 2,3,STGL1,,F10,4,coh 6 blk 3 B_05 STGL1 5
cohort 2,3,STGL1,,G09,5,
cohort 2,4,STGL1,,A05,3,coh 3 blk 2 B_17 STGL1 2
cohort 2,4,STGL1,,C03,5,11/2/21 transplant
cohort 2,4,STGL1,,D08,2,coh 6 blk 3 B_10 STBR3 7
cohort 2,4,STGL1,,E11,17,
cohort 2,4,STGL1,,F04,12,coh 5 blk 3 D_16 STBR3 12
cohort 2,4,STGL1,,G09,8,coh 7 blk 3 H_07 11/18/21
cohort 2,1,STIN,,D02,12,
cohort 2,1,STIN,,D08,8,
cohort 2,1,STIN,,F10,5,
cohort 2,1,STIN,,F14,8,
cohort 2,1,STIN,,G03,9,
cohort 2,1,STIN,,G07,8,
cohort 2,2,STIN,,C13,9,
cohort 2,2,STIN,,D04,6,
cohort 2,2,STIN,,F02,8,
cohort 2,2,STIN,,F08,11,
cohort 2,2,STIN,,G03,9,
cohort 2,2,STIN,,G09,8,
cohort 2,3,STIN,,A03,8,
cohort 2,3,STIN,,A13,6,
cohort 2,3,STIN,,B08,10,
cohort 2,3,STIN,,D10,9,
cohort 2,3,STIN,,G07,10,
cohort 2,3,STIN,,G11,7,
cohort 2,4,STIN,,D10,7,
cohort 2,4,STIN,,E01,11,
cohort 2,4,STIN,,E05,8,
cohort 2,4,STIN,,F12,7,
cohort 2,4,STIN,,G11,8,
cohort 2,4,STIN,,G13,12,
cohort 2,Extra,STIN,,1,3,
cohort 2,Extra,STIN,,2,9,
cohort 2,Extra,STIN,,3,4,
cohort 2,1,STPO,,A09,10,
cohort 2,1,STPO,,C07,9,
cohort 2,1,STPO,,C11,7,
cohort 2,1,STPO,,F12,8,
cohort 2,1,STPO,,G05,5,
cohort 2,1,STPO,,G07,8,
cohort 2,2,STPO,,A09,10,
cohort 2,2,STPO,,A11,10,
cohort 2,2,STPO,,B02,11,
cohort 2,2,STPO,,E05,7,
cohort 2,2,STPO,,F04,7,
cohort 2,2,STPO,,G05,5,replaced by extra
cohort 2,3,STPO,,A11,12,
cohort 2,3,STPO,,B04,7,
cohort 2,3,STPO,,B06,9,
cohort 2,3,STPO,,B10,8,
cohort 2,3,STPO,,B14,10,
cohort 2,3,STPO,,E09,6,
cohort 2,4,STPO,,C09,7,
cohort 2,4,STPO,,C11,4,
cohort 2,4,STPO,,D10,5,
cohort 2,4,STPO,,E01,5,
cohort 2,4,STPO,,E05,6,
cohort 2,4,STPO,,E09,5,
cohort 2,Extra,STPO,,1,7,
cohort 2,Extra,STPO,,2,5,replaced 1 Pos: G05 plant
cohort 2,Extra,STPO,,3,7,
cohort 2,1,STTO_BH,,A03,NA,
cohort 2,1,STTO_BH,,A09,6,
cohort 2,1,STTO_BH,,B12,NA,
cohort 2,1,STTO_BH,,E05,NA,
cohort 2,1,STTO_BH,,F14,NA,
cohort 2,1,STTO_BH,,G09,NA,
cohort 2,2,STTO_BH,,A11,NA,
cohort 2,2,STTO_BH,,D06,NA,
cohort 2,2,STTO_BH,,D10,NA,
cohort 2,2,STTO_BH,,E03,10,
cohort 2,2,STTO_BH,,F02,NA,
cohort 2,2,STTO_BH,,F06,NA,
cohort 2,3,STTO_BH,,A03,NA,
cohort 2,3,STTO_BH,,B08,NA,
cohort 2,3,STTO_BH,,D10,NA,
cohort 2,3,STTO_BH,,E03,NA,
cohort 2,3,STTO_BH,,F10,NA,
cohort 2,3,STTO_BH,,G01,NA,
cohort 2,4,STTO_BH,,A01,NA,
cohort 2,4,STTO_BH,,A03,NA,
cohort 2,4,STTO_BH,,C01,NA,
cohort 2,4,STTO_BH,,E13,NA,
cohort 2,4,STTO_BH,,F12,NA,
cohort 2,4,STTO_BH,,G07,NA,
cohort 2,1,STTO_TM2,,A03,NA,
cohort 2,1,STTO_TM2,,C01,12,
cohort 2,1,STTO_TM2,,D04,9,
cohort 2,1,STTO_TM2,,D12,5,
cohort 2,1,STTO_TM2,,E01,11,
cohort 2,1,STTO_TM2,,G01,NA,
cohort 2,2,STTO_TM2,,A03,8,
cohort 2,2,STTO_TM2,,C13,10,
cohort 2,2,STTO_TM2,,D08,NA,
cohort 2,2,STTO_TM2,,E09,10,
cohort 2,2,STTO_TM2,,F12,7,
cohort 2,2,STTO_TM2,,G03,NA,
cohort 2,3,STTO_TM2,,B10,NA,
cohort 2,3,STTO_TM2,,D06,NA,
cohort 2,3,STTO_TM2,,E05,11,
cohort 2,3,STTO_TM2,,E09,5,
cohort 2,3,STTO_TM2,,G05,7,
cohort 2,3,STTO_TM2,,G09,13,
cohort 2,4,STTO_TM2,,A09,NA,
cohort 2,4,STTO_TM2,,B10,NA,
cohort 2,4,STTO_TM2,,B12,6,
cohort 2,4,STTO_TM2,,D04,NA,
cohort 2,4,STTO_TM2,,D08,10,
cohort 2,4,STTO_TM2,,F04,9,
cohort 3,1,CAAM,,A11,14,
cohort 3,1,CAAM,,B08,12,
cohort 3,1,CAAM,,C11,11,
cohort 3,1,CAAM,,D06,11,
cohort 3,1,CAAM,,D08,NA,
cohort 3,1,CAAM,,D10,NA,
cohort 3,2,CAAM,,A01,12,
cohort 3,2,CAAM,,A05,11,
cohort 3,2,CAAM,,B10,9,
cohort 3,2,CAAM,,D04,14,
cohort 3,2,CAAM,,G01,NA,
cohort 3,2,CAAM,,G09,NA,
cohort 3,3,CAAM,,A11,10,
cohort 3,3,CAAM,,B04,11,
cohort 3,3,CAAM,,B08,11,
cohort 3,3,CAAM,,C01,11,11/23 from cohort 3
cohort 3,3,CAAM,,D06,NA,
cohort 3,3,CAAM,,G09,NA,
cohort 3,4,CAAM,,A09,7,
cohort 3,4,CAAM,,B10,16,
cohort 3,4,CAAM,,D04,12,
cohort 3,4,CAAM,,E11,13,11/23 from cohort 3
cohort 3,4,CAAM,,F08,NA,
cohort 3,4,CAAM,,G13,NA,
cohort 3,1,CAAN1,,A05,9,
cohort 3,1,CAAN1,,B04,6,cohort 2
cohort 3,1,CAAN1,,C07,8,11/23 from cohort 3
cohort 3,1,CAAN1,,E07,7,11/23 from cohort 3b
cohort 3,1,CAAN1,,G01,NA,
cohort 3,1,CAAN1,,G07,NA,
cohort 3,2,CAAN1,,B02,13,
cohort 3,2,CAAN1,,E13,9,11/23 from cohort 3
cohort 3,2,CAAN1,,F02,5,cohort 2
cohort 3,2,CAAN1,,F10,7,11/23 from cohort 3b
cohort 3,2,CAAN1,,G03,NA,
cohort 3,2,CAAN1,,G07,NA,
cohort 3,3,CAAN1,,B04,NA,
cohort 3,3,CAAN1,,C09,7,11/23 from cohort 3b
cohort 3,3,CAAN1,,D10,10,
cohort 3,3,CAAN1,,E03,7,11/23 from cohort 3b petri
cohort 3,3,CAAN1,,G05,9,11/23 from cohort 3b
cohort 3,3,CAAN1,,G09,NA,
cohort 3,4,CAAN1,,C03,4,
cohort 3,4,CAAN1,,C05,17,11/23 from cohort 3b
cohort 3,4,CAAN1,,D06,9,11/23 from cohort 3b
cohort 3,4,CAAN1,,D08,4,11/23 from cohort 3b
cohort 3,4,CAAN1,,E11,NA,
cohort 3,4,CAAN1,,G09,NA,
cohort 3,1,CAAN2,,A07,9,
cohort 3,1,CAAN2,,A11,7,11/23 from cohort 3b petri
cohort 3,1,CAAN2,,B08,6,11/30 from cohort 3
cohort 3,1,CAAN2,,E05,NA,
cohort 3,1,CAAN2,,E11,NA,
cohort 3,1,CAAN2,,G03,NA,
cohort 3,2,CAAN2,,A01,8,11/23 from cohort 3b petri
cohort 3,2,CAAN2,,B10,4,11/23 from cohort 3b petri
cohort 3,2,CAAN2,,D12,NA,
cohort 3,2,CAAN2,,E03,NA,
cohort 3,2,CAAN2,,F08,NA,
cohort 3,2,CAAN2,,G07,NA,
cohort 3,3,CAAN2,,A01,7,11/23 from cohort 3b petri
cohort 3,3,CAAN2,,A03,6,11/23 from cohort 3b petri
cohort 3,3,CAAN2,,B10,NA,
cohort 3,3,CAAN2,,E07,NA,
cohort 3,3,CAAN2,,E11,NA,
cohort 3,3,CAAN2,,F06,NA,
cohort 3,4,CAAN2,,A03,7,11/23 from cohort 3b petri
cohort 3,4,CAAN2,,B06,5,11/23 from cohort 3b petri
cohort 3,4,CAAN2,,B10,NA,
cohort 3,4,CAAN2,,C03,NA,
cohort 3,4,CAAN2,,D02,NA,
cohort 3,4,CAAN2,,E13,NA,
cohort 3,1,CACO1,,B04,24,11/23 from cohort 3b petri
cohort 3,1,CACO1,,C05,18,
cohort 3,1,CACO1,,C09,18,
cohort 3,1,CACO1,,D02,15,11/23 from cohort 3b petri
cohort 3,1,CACO1,,F14,NA,
cohort 3,1,CACO1,,G05,NA,
cohort 3,2,CACO1,,A09,26,
cohort 3,2,CACO1,,C09,11,
cohort 3,2,CACO1,,D04,21,11/23 from cohort 3b petri
cohort 3,2,CACO1,,D12,8,11/23 from cohort 3b petri
cohort 3,2,CACO1,,E01,NA,
cohort 3,2,CACO1,,G03,NA,
cohort 3,3,CACO1,,A07,23,
cohort 3,3,CACO1,,A11,6,
cohort 3,3,CACO1,,B14,10,11/23 from cohort 3b 
cohort 3,3,CACO1,,C03,11,11/23 from cohort 3b
cohort 3,3,CACO1,,C13,NA,
cohort 3,3,CACO1,,F12,NA,
cohort 3,4,CACO1,,A05,12,11/23 from cohort 3b
cohort 3,4,CACO1,,B04,18,
cohort 3,4,CACO1,,C11,10,11/23 from cohort 3b
cohort 3,4,CACO1,,E05,NA,
cohort 3,4,CACO1,,E07,NA,
cohort 3,4,CACO1,,F02,NA,
cohort 3,1,CAIN3,,B12,7,
cohort 3,1,CAIN3,,C07,13,11/23 from cohort 3b petri
cohort 3,1,CAIN3,,D02,13,11/23 from cohort 3b 
cohort 3,1,CAIN3,,F14,NA,
cohort 3,1,CAIN3,,G03,NA,
cohort 3,1,CAIN3,,G11,NA,
cohort 3,2,CAIN3,,A13,7,planted in cohort 2
cohort 3,2,CAIN3,,C11,NA,
cohort 3,2,CAIN3,,F06,19,11/23 from cohort 3b 
cohort 3,2,CAIN3,,F08,NA,
cohort 3,2,CAIN3,,G03,NA,
cohort 3,2,CAIN3,,G11,NA,
cohort 3,3,CAIN3,,A13,10,11/23 from cohort 3b petri
cohort 3,3,CAIN3,,D02,23,11/23 from cohort 3b 
cohort 3,3,CAIN3,,E05,NA,
cohort 3,3,CAIN3,,E07,NA,
cohort 3,3,CAIN3,,E09,NA,
cohort 3,3,CAIN3,,G05,NA,
cohort 3,4,CAIN3,,B12,11,11/23 from cohort 3b petri
cohort 3,4,CAIN3,,C01,22,11/23 from cohort 3b 
cohort 3,4,CAIN3,,D08,NA,
cohort 3,4,CAIN3,,D10,NA,
cohort 3,4,CAIN3,,E07,NA,
cohort 3,4,CAIN3,,F08,NA,
cohort 3,1,CAIN4,,A01,12,
cohort 3,1,CAIN4,,B02,16,11/23 from cohort 3b 
cohort 3,1,CAIN4,,C03,12,11/23 from cohort 3b petri
cohort 3,1,CAIN4,,G05,NA,
cohort 3,1,CAIN4,,G09,NA,
cohort 3,1,CAIN4,,G13,NA,
cohort 3,2,CAIN4,,A05,9,
cohort 3,2,CAIN4,,B04,11,11/23 from cohort 3b petri
cohort 3,2,CAIN4,,D12,17,11/23 from cohort 3b
cohort 3,2,CAIN4,,F04,NA,
cohort 3,2,CAIN4,,F08,NA,
cohort 3,2,CAIN4,,F14,NA,
cohort 3,3,CAIN4,,A01,18,
cohort 3,3,CAIN4,,B04,17,11/23 from cohort 3b petri
cohort 3,3,CAIN4,,B14,21,11/30 cohort 3
cohort 3,3,CAIN4,,C03,NA,
cohort 3,3,CAIN4,,D08,NA,
cohort 3,3,CAIN4,,F14,NA,
cohort 3,4,CAIN4,,A13,18,11/23 from cohort 3b petri
cohort 3,4,CAIN4,,D10,NA,
cohort 3,4,CAIN4,,D12,7,
cohort 3,4,CAIN4,,E05,NA,
cohort 3,4,CAIN4,,F02,NA,
cohort 3,4,CAIN4,,G13,NA,
cohort 3,1,STBR3,,A09,14,
cohort 3,1,STBR3,,A11,8,
cohort 3,1,STBR3,,D06,9,
cohort 3,1,STBR3,,E09,12,
cohort 3,1,STBR3,,F06,7,
cohort 3,1,STBR3,,G09,12,11/23 cohort 3
cohort 3,2,STBR3,,A01,7,
cohort 3,2,STBR3,,A03,12,
cohort 3,2,STBR3,,D04,16,
cohort 3,2,STBR3,,E01,11,
cohort 3,2,STBR3,,F08,10,11/23 cohort 3
cohort 3,2,STBR3,,F12,21,
cohort 3,3,STBR3,,C09,8,
cohort 3,3,STBR3,,D06,7,
cohort 3,3,STBR3,,D08,15,
cohort 3,3,STBR3,,E03,12,
cohort 3,3,STBR3,,F14,11,11/23 cohort 3
cohort 3,3,STBR3,,G09,9,11/23 cohort 3
cohort 3,4,STBR3,,B02,15,
cohort 3,4,STBR3,,C03,14,
cohort 3,4,STBR3,,C05,13,
cohort 3,4,STBR3,,D08,13,
cohort 3,4,STBR3,,F02,10,11/23 cohort 3
cohort 3,4,STBR3,,F10,8,11/23 cohort 3
cohort 3,Extra,STBR3,,,9,"extra, 11/23 cohort 3"
cohort 3,Extra,STBR3,,,7,"extra, 11/23 cohort 3"
cohort 3,Extra,STBR3,,,5,"extra, 11/23 cohort 3"
cohort 3,1,STDI,,B02,17,
cohort 3,1,STDI,,C01,12,
cohort 3,1,STDI,,C05,17,11/23 from cohort 3b petri
cohort 3,1,STDI,,D14,NA,
cohort 3,1,STDI,,F12,NA,
cohort 3,1,STDI,,G07,NA,
cohort 3,2,STDI,,B04,14,
cohort 3,2,STDI,,C03,11,11/23 from cohort 3b petri
cohort 3,2,STDI,,E03,12,11/23 from cohort 3b petri
cohort 3,2,STDI,,E13,NA,
cohort 3,2,STDI,,F04,NA,
cohort 3,2,STDI,,G07,NA,
cohort 3,3,STDI,,A01,9,11/23 from cohort 3b petri
cohort 3,3,STDI,,A11,11,
cohort 3,3,STDI,,B12,14,11/23 from cohort 3b petri
cohort 3,3,STDI,,C07,10,11/23 from cohort 3b petri
cohort 3,3,STDI,,D02,NA,
cohort 3,3,STDI,,G11,NA,
cohort 3,4,STDI,,A03,NA,
cohort 3,4,STDI,,A05,5,11/30 cohort 3
cohort 3,4,STDI,,E03,NA,
cohort 3,4,STDI,,F10,NA,
cohort 3,4,STDI,,F14,18,
cohort 3,4,STDI,,G09,NA,
cohort 3,1,STDR2,,A03,8,cohort 2
cohort 3,1,STDR2,,A05,10,
cohort 3,1,STDR2,,A09,7,
cohort 3,1,STDR2,,B02,12,11/23 from cohort 3
cohort 3,1,STDR2,,E05,13,11/23 from cohort 3
cohort 3,1,STDR2,,G11,NA,
cohort 3,2,STDR2,,B06,8,cohort 2
cohort 3,2,STDR2,,B10,14,
cohort 3,2,STDR2,,D08,4,
cohort 3,2,STDR2,,G01,13,11/23 from cohort 3
cohort 3,2,STDR2,,G09,15,11/30 from cohort 3
cohort 3,2,STDR2,,G11,NA,
cohort 3,3,STDR2,,A01,7,
cohort 3,3,STDR2,,C09,11,cohort 2
cohort 3,3,STDR2,,C11,5,
cohort 3,3,STDR2,,D06,12,11/23 from cohort 3
cohort 3,3,STDR2,,E01,NA,
cohort 3,3,STDR2,,F14,NA,
cohort 3,4,STDR2,,D02,18,
cohort 3,4,STDR2,,D14,7,
cohort 3,4,STDR2,,E07,6,
cohort 3,4,STDR2,,F02,NA,
cohort 3,4,STDR2,,F08,NA,
cohort 3,4,STDR2,,G11,14,11/23 from cohort 3
cohort 3,1,STGL1,,A11,11,
cohort 3,1,STGL1,,D02,10,
cohort 3,1,STGL1,,D08,6,cohort 2
cohort 3,1,STGL1,,D12,12,11/23 from cohort 3b petri
cohort 3,1,STGL1,,E13,NA,
cohort 3,1,STGL1,,G05,NA,
cohort 3,2,STGL1,,B12,15,
cohort 3,2,STGL1,,C01,11,cohort 2
cohort 3,2,STGL1,,C13,10,11/23 from cohort 3
cohort 3,2,STGL1,,D12,10,11/23 from cohort 3b petri
cohort 3,2,STGL1,,E07,NA,
cohort 3,2,STGL1,,G13,NA,
cohort 3,3,STGL1,,A03,7,
cohort 3,3,STGL1,,A07,8,
cohort 3,3,STGL1,,A11,9,11/23 from cohort 3b petri
cohort 3,3,STGL1,,B12,6,11/23 from cohort 3b petri
cohort 3,3,STGL1,,D08,NA,
cohort 3,3,STGL1,,E09,NA,
cohort 3,4,STGL1,,B02,9,
cohort 3,4,STGL1,,B04,9,11/23 from cohort 3b petri
cohort 3,4,STGL1,,C01,8,cohort 2
cohort 3,4,STGL1,,C13,15,11/23 from cohort 3b petri
cohort 3,4,STGL1,,E01,NA,
cohort 3,4,STGL1,,E05,NA,
cohort 3,1,STIN,,C03,16,
cohort 3,1,STIN,,C13,10,
cohort 3,1,STIN,,E05,15,
cohort 3,1,STIN,,E11,7,
cohort 3,1,STIN,,F06,9,replaced by extra
cohort 3,1,STIN,,F12,11,
cohort 3,2,STIN,,A03,10,
cohort 3,2,STIN,,B08,12,
cohort 3,2,STIN,,B14,12,
cohort 3,2,STIN,,C03,9,
cohort 3,2,STIN,,F14,10,
cohort 3,2,STIN,,G05,13,
cohort 3,3,STIN,,B06,11,
cohort 3,3,STIN,,D02,17,
cohort 3,3,STIN,,E01,14,
cohort 3,3,STIN,,E09,11,
cohort 3,3,STIN,,F02,12,
cohort 3,3,STIN,,G09,13,
cohort 3,4,STIN,,A05,11,
cohort 3,4,STIN,,C01,8,
cohort 3,4,STIN,,D02,7,
cohort 3,4,STIN,,D04,10,
cohort 3,4,STIN,,G05,13,
cohort 3,4,STIN,,G09,14,
cohort 3,Extra,STIN,,1,6,
cohort 3,Extra,STIN,,2,9,replaced 1 pos: f06 plant
cohort 3,Extra,STIN,,3,12,
cohort 3,Extra,STIN,,4,14,
cohort 3,1,STPO,,B14,10,
cohort 3,1,STPO,,C03,12,replaced by extra
cohort 3,1,STPO,,C09,9,
cohort 3,1,STPO,,E03,11,
cohort 3,1,STPO,,F04,12,
cohort 3,1,STPO,,G09,16,
cohort 3,2,STPO,,A03,12,
cohort 3,2,STPO,,D08,13,
cohort 3,2,STPO,,E01,11,
cohort 3,2,STPO,,E11,7,
cohort 3,2,STPO,,F06,6,
cohort 3,2,STPO,,F14,9,
cohort 3,3,STPO,,B02,12,
cohort 3,3,STPO,,C09,8,
cohort 3,3,STPO,,D14,8,
cohort 3,3,STPO,,E03,13,
cohort 3,3,STPO,,E13,14,
cohort 3,3,STPO,,G09,9,
cohort 3,4,STPO,,B08,10,
cohort 3,4,STPO,,B14,7,
cohort 3,4,STPO,,C05,6,
cohort 3,4,STPO,,D08,9,
cohort 3,4,STPO,,F04,12,
cohort 3,4,STPO,,G05,11,
cohort 3,Extra,STPO,,1,12,replaced 1 pos: c03 plant
cohort 3,Extra,STPO,,2,9,
cohort 3,Extra,STPO,,3,11,
cohort 3,1,STTO_BH,,A01,7,
cohort 3,1,STTO_BH,,B04,12,
cohort 3,1,STTO_BH,,D12,15,
cohort 3,1,STTO_BH,,F04,NA,
cohort 3,1,STTO_BH,,F10,NA,
cohort 3,1,STTO_BH,,G11,NA,
cohort 3,2,STTO_BH,,A05,10,
cohort 3,2,STTO_BH,,A09,8,
cohort 3,2,STTO_BH,,C01,NA,
cohort 3,2,STTO_BH,,D14,8,
cohort 3,2,STTO_BH,,E05,NA,
cohort 3,2,STTO_BH,,E07,NA,
cohort 3,3,STTO_BH,,B10,11,
cohort 3,3,STTO_BH,,D06,14,
cohort 3,3,STTO_BH,,D14,NA,
cohort 3,3,STTO_BH,,F04,NA,
cohort 3,3,STTO_BH,,F08,NA,
cohort 3,3,STTO_BH,,F12,NA,
cohort 3,4,STTO_BH,,B02,13,
cohort 3,4,STTO_BH,,B14,14,
cohort 3,4,STTO_BH,,C11,NA,
cohort 3,4,STTO_BH,,E01,NA,
cohort 3,4,STTO_BH,,F08,NA,
cohort 3,4,STTO_BH,,G01,NA,
cohort 3,1,STTO_TM2,,D06,18,
cohort 3,1,STTO_TM2,,D14,13,11/23 from cohort 3b petri
cohort 3,1,STTO_TM2,,E11,NA,
cohort 3,1,STTO_TM2,,E13,NA,
cohort 3,1,STTO_TM2,,F06,NA,
cohort 3,1,STTO_TM2,,F10,NA,
cohort 3,2,STTO_TM2,,B12,19,
cohort 3,2,STTO_TM2,,C11,11,11/23 from cohort 3b petri
cohort 3,2,STTO_TM2,,D04,NA,
cohort 3,2,STTO_TM2,,E03,NA,
cohort 3,2,STTO_TM2,,F14,NA,
cohort 3,2,STTO_TM2,,G13,NA,
cohort 3,3,STTO_TM2,,B02,17,
cohort 3,3,STTO_TM2,,E01,5,11/23 from cohort 3b petri
cohort 3,3,STTO_TM2,,E07,NA,
cohort 3,3,STTO_TM2,,F04,NA,
cohort 3,3,STTO_TM2,,G07,NA,
cohort 3,3,STTO_TM2,,G13,NA,
cohort 3,4,STTO_TM2,,A11,23,11/23 from cohort 3b 
cohort 3,4,STTO_TM2,,B06,5,11/23 from cohort 3b petri
cohort 3,4,STTO_TM2,,E01,NA,
cohort 3,4,STTO_TM2,,G01,NA,
cohort 3,4,STTO_TM2,,G07,NA,
cohort 3,4,STTO_TM2,,G09,NA,
cohort 4,1,CAAM,,A13,NA,
cohort 4,1,CAAM,,B04,NA,
cohort 4,1,CAAM,,C13,NA,
cohort 4,1,CAAM,,E07,15,
cohort 4,1,CAAM,,E11,17,
cohort 4,1,CAAM,,G11,12,
cohort 4,2,CAAM,,B06,20,
cohort 4,2,CAAM,,C01,9,
cohort 4,2,CAAM,,D06,12,
cohort 4,2,CAAM,,E05,13,
cohort 4,2,CAAM,,E09,NA,
cohort 4,2,CAAM,,G13,NA,
cohort 4,3,CAAM,,A03,24,
cohort 4,3,CAAM,,A13,NA,
cohort 4,3,CAAM,,B06,15,
cohort 4,3,CAAM,,B14,12,
cohort 4,3,CAAM,,C09,13,
cohort 4,3,CAAM,,G03,NA,
cohort 4,4,CAAM,,B06,24,
cohort 4,4,CAAM,,C09,15,
cohort 4,4,CAAM,,C11,NA,
cohort 4,4,CAAM,,D02,NA,
cohort 4,4,CAAM,,E01,10,
cohort 4,4,CAAM,,F10,16,
cohort 4,1,CAAN1,,A07,8,
cohort 4,1,CAAN1,,A13,6,
cohort 4,1,CAAN1,,D02,12,
cohort 4,1,CAAN1,,E13,5,
cohort 4,1,CAAN1,,G09,10,
cohort 4,1,CAAN1,,G13,4,
cohort 4,2,CAAN1,,A03,4,
cohort 4,2,CAAN1,,A11,10,
cohort 4,2,CAAN1,,B06,5,
cohort 4,2,CAAN1,,B08,5,
cohort 4,2,CAAN1,,D08,3,
cohort 4,2,CAAN1,,G13,4,
cohort 4,3,CAAN1,,B02,10,
cohort 4,3,CAAN1,,B12,10,
cohort 4,3,CAAN1,,D12,15,
cohort 4,3,CAAN1,,E07,8,
cohort 4,3,CAAN1,,F08,10,
cohort 4,3,CAAN1,,F10,5,
cohort 4,4,CAAN1,,A01,2,
cohort 4,4,CAAN1,,A05,10,
cohort 4,4,CAAN1,,B10,10,
cohort 4,4,CAAN1,,C11,5,
cohort 4,4,CAAN1,,D12,11,
cohort 4,4,CAAN1,,F04,6,from cohort 3b
cohort 4,Extra,CAAN1,,,5,16-Dec
cohort 4,1,CAAN2,,A03,6,12/16 petri
cohort 4,1,CAAN2,,C09,5,12/16 petri
cohort 4,1,CAAN2,,C11,NA,
cohort 4,1,CAAN2,,D10,9,
cohort 4,1,CAAN2,,E01,NA,
cohort 4,1,CAAN2,,E09,NA,
cohort 4,2,CAAN2,,A07,8,12/16 petri
cohort 4,2,CAAN2,,B14,NA,
cohort 4,2,CAAN2,,E13,NA,
cohort 4,2,CAAN2,,F12,NA,
cohort 4,2,CAAN2,,F14,7,dead 12/30
cohort 4,2,CAAN2,,G09,11,broken
cohort 4,3,CAAN2,,B08,4,12/16 petri
cohort 4,3,CAAN2,,B14,13,
cohort 4,3,CAAN2,,C13,10,12/16 c4
cohort 4,3,CAAN2,,D10,17,
cohort 4,3,CAAN2,,E05,NA,
cohort 4,3,CAAN2,,E13,NA,
cohort 4,4,CAAN2,,B04,3,12/16 petri
cohort 4,4,CAAN2,,C07,9,
cohort 4,4,CAAN2,,F02,5,12/16 petri
cohort 4,4,CAAN2,,F12,NA,
cohort 4,4,CAAN2,,G05,19,
cohort 4,4,CAAN2,,G09,NA,
cohort 4,1,CACO1,,A03,7,
cohort 4,1,CACO1,,A05,11,
cohort 4,1,CACO1,,D10,20,
cohort 4,1,CACO1,,F04,17,12/16/21
cohort 4,1,CACO1,,F10,NA,
cohort 4,1,CACO1,,G09,NA,
cohort 4,2,CACO1,,B08,16,
cohort 4,2,CACO1,,E05,10,
cohort 4,2,CACO1,,E11,11,
cohort 4,2,CACO1,,E13,16,16-Dec
cohort 4,2,CACO1,,F08,14,16-Dec
cohort 4,2,CACO1,,G05,NA,
cohort 4,3,CACO1,,B08,6,
cohort 4,3,CACO1,,B10,21,
cohort 4,3,CACO1,,E07,16,
cohort 4,3,CACO1,,E09,5,16-Dec
cohort 4,3,CACO1,,G03,14,16-Dec
cohort 4,3,CACO1,,G13,NA,
cohort 4,4,CACO1,,A07,16,
cohort 4,4,CACO1,,B14,20,
cohort 4,4,CACO1,,D08,21,
cohort 4,4,CACO1,,E03,15,
cohort 4,4,CACO1,,E09,NA,
cohort 4,4,CACO1,,F06,NA,
cohort 4,1,CAIN3,,A03,15,
cohort 4,1,CAIN3,,B06,16,
cohort 4,1,CAIN3,,D04,11,
cohort 4,1,CAIN3,,D12,6,
cohort 4,1,CAIN3,,E07,15,
cohort 4,1,CAIN3,,E11,7,
cohort 4,2,CAIN3,,B06,15,
cohort 4,2,CAIN3,,C01,10,
cohort 4,2,CAIN3,,C07,21,
cohort 4,2,CAIN3,,D02,24,
cohort 4,2,CAIN3,,D04,5,
cohort 4,2,CAIN3,,E13,15,
cohort 4,3,CAIN3,,A11,12,
cohort 4,3,CAIN3,,B06,8,
cohort 4,3,CAIN3,,C05,15,
cohort 4,3,CAIN3,,C11,14,
cohort 4,3,CAIN3,,D06,11,
cohort 4,3,CAIN3,,D14,10,
cohort 4,4,CAIN3,,A01,13,
cohort 4,4,CAIN3,,A11,12,
cohort 4,4,CAIN3,,A13,24,
cohort 4,4,CAIN3,,C03,22,
cohort 4,4,CAIN3,,C09,20,
cohort 4,4,CAIN3,,F14,13,
cohort 4,Extra,CAIN3,,,15,
cohort 4,Extra,CAIN3,,,26,
cohort 4,Extra,CAIN3,,,13,
cohort 4,Extra,CAIN3,,,18,
cohort 4,1,CAIN4,,A13,NA,
cohort 4,1,CAIN4,,C07,NA,
cohort 4,1,CAIN4,,D02,9,12/30 died
cohort 4,1,CAIN4,,D12,NA,cohort 4
cohort 4,1,CAIN4,,E01,NA,
cohort 4,1,CAIN4,,G03,NA,
cohort 4,2,CAIN4,,A07,NA,
cohort 4,2,CAIN4,,C01,NA,
cohort 4,2,CAIN4,,C11,NA,
cohort 4,2,CAIN4,,D14,10,cohort 4 petri dish late trans 12/10
cohort 4,2,CAIN4,,E05,18,cohort 4 petri dish
cohort 4,2,CAIN4,,F10,13,
cohort 4,3,CAIN4,,D02,NA,
cohort 4,3,CAIN4,,E05,NA,
cohort 4,3,CAIN4,,E07,NA,
cohort 4,3,CAIN4,,F06,16,
cohort 4,3,CAIN4,,F08,12,cohort 3
cohort 4,3,CAIN4,,G11,12,late trans 12/16
cohort 4,4,CAIN4,,A09,NA,
cohort 4,4,CAIN4,,B04,NA,
cohort 4,4,CAIN4,,C01,7,petri dish cohort 4
cohort 4,4,CAIN4,,C03,8,
cohort 4,4,CAIN4,,C11,6,late trans 12/16
cohort 4,4,CAIN4,,G01,NA,
cohort 4,1,STBR3,,A03,15,
cohort 4,1,STBR3,,B10,13,
cohort 4,1,STBR3,,B12,12,
cohort 4,1,STBR3,,B14,11,
cohort 4,1,STBR3,,C07,14,
cohort 4,1,STBR3,,D14,14,
cohort 4,2,STBR3,,A11,14,
cohort 4,2,STBR3,,C01,11,
cohort 4,2,STBR3,,C05,12,
cohort 4,2,STBR3,,E13,15,
cohort 4,2,STBR3,,G03,15,
cohort 4,2,STBR3,,G05,17,
cohort 4,3,STBR3,,A05,11,
cohort 4,3,STBR3,,B02,12,
cohort 4,3,STBR3,,C01,5,
cohort 4,3,STBR3,,E07,11,
cohort 4,3,STBR3,,E13,14,
cohort 4,3,STBR3,,G03,15,
cohort 4,4,STBR3,,A01,6,
cohort 4,4,STBR3,,D02,17,
cohort 4,4,STBR3,,D12,5,
cohort 4,4,STBR3,,E01,8,
cohort 4,4,STBR3,,E03,16,
cohort 4,4,STBR3,,F12,6,
cohort 4,Extra,STBR3,,,12,
cohort 4,1,STDI,,A01,13,
cohort 4,1,STDI,,A05,13,
cohort 4,1,STDI,,A11,22,
cohort 4,1,STDI,,B10,16,
cohort 4,1,STDI,,D10,21,
cohort 4,1,STDI,,E13,NA,
cohort 4,2,STDI,,B08,25,
cohort 4,2,STDI,,D02,13,
cohort 4,2,STDI,,D08,14,
cohort 4,2,STDI,,D10,NA,
cohort 4,2,STDI,,D14,19,
cohort 4,2,STDI,,G11,10,
cohort 4,3,STDI,,A09,13,
cohort 4,3,STDI,,C05,NA,
cohort 4,3,STDI,,E07,23,
cohort 4,3,STDI,,F04,20,
cohort 4,3,STDI,,G03,9,
cohort 4,3,STDI,,G09,14,
cohort 4,4,STDI,,A01,9,
cohort 4,4,STDI,,C01,19,
cohort 4,4,STDI,,C13,14,
cohort 4,4,STDI,,E13,4,cohort 4 petri dish; 12/30 dead
cohort 4,4,STDI,,F04,22,
cohort 4,4,STDI,,F12,27,
cohort 4,1,STDR2,,A13,12,
cohort 4,1,STDR2,,B14,10,
cohort 4,1,STDR2,,C03,9,
cohort 4,1,STDR2,,C05,11,
cohort 4,1,STDR2,,D08,11,
cohort 4,1,STDR2,,E11,5,
cohort 4,2,STDR2,,A01,8,
cohort 4,2,STDR2,,A03,15,
cohort 4,2,STDR2,,D12,18,
cohort 4,2,STDR2,,D14,6,
cohort 4,2,STDR2,,F02,6,
cohort 4,2,STDR2,,F10,7,
cohort 4,3,STDR2,,B04,6,
cohort 4,3,STDR2,,D08,5,
cohort 4,3,STDR2,,D12,5,
cohort 4,3,STDR2,,D14,5,
cohort 4,3,STDR2,,E09,7,
cohort 4,3,STDR2,,E11,6,
cohort 4,4,STDR2,,A05,7,
cohort 4,4,STDR2,,G01,8,
cohort 4,4,STDR2,,G03,7,
cohort 4,4,STDR2,,G05,7,
cohort 4,4,STDR2,,G07,6,
cohort 4,4,STDR2,,G13,4,
cohort 4,Extra,STDR2,,,4,
cohort 4,Extra,STDR2,,,6,
cohort 4,Extra,STDR2,,,5,
cohort 4,1,STGL1,,A01,10,
cohort 4,1,STGL1,,A05,11,late transplant 12/16
cohort 4,1,STGL1,,B06,NA,
cohort 4,1,STGL1,,C11,NA,
cohort 4,1,STGL1,,D04,12,
cohort 4,1,STGL1,,F06,8,
cohort 4,2,STGL1,,B02,NA,
cohort 4,2,STGL1,,B06,NA,
cohort 4,2,STGL1,,C09,6,
cohort 4,2,STGL1,,D02,10,
cohort 4,2,STGL1,,D04,25,
cohort 4,2,STGL1,,F06,8,late transplant 12/16
cohort 4,3,STGL1,,A05,NA,
cohort 4,3,STGL1,,C13,21,
cohort 4,3,STGL1,,D12,3,late transplant 12/16
cohort 4,3,STGL1,,E07,NA,
cohort 4,3,STGL1,,F04,22,
cohort 4,3,STGL1,,F12,30,
cohort 4,4,STGL1,,A13,30,
cohort 4,4,STGL1,,B08,NA,
cohort 4,4,STGL1,,B12,21,
cohort 4,4,STGL1,,E07,25,
cohort 4,4,STGL1,,F14,9,late transplant 12/16
cohort 4,4,STGL1,,G11,NA,
cohort 4,1,STIN,,A01,6,
cohort 4,1,STIN,,B08,8,
cohort 4,1,STIN,,B12,12,
cohort 4,1,STIN,,C05,10,
cohort 4,1,STIN,,C07,11,
cohort 4,1,STIN,,G13,12,
cohort 4,2,STIN,,A05,10,
cohort 4,2,STIN,,C07,11,
cohort 4,2,STIN,,D12,12,
cohort 4,2,STIN,,E01,18,
cohort 4,2,STIN,,E03,20,
cohort 4,2,STIN,,E11,8,
cohort 4,3,STIN,,B14,12,
cohort 4,3,STIN,,C09,10,
cohort 4,3,STIN,,C13,10,
cohort 4,3,STIN,,F12,9,
cohort 4,3,STIN,,G05,10,
cohort 4,3,STIN,,G13,8,
cohort 4,4,STIN,,A03,11,
cohort 4,4,STIN,,B02,9,
cohort 4,4,STIN,,C07,12,
cohort 4,4,STIN,,D06,11,
cohort 4,4,STIN,,F10,6,
cohort 4,4,STIN,,F14,12,
cohort 4,Extra,STIN,,,5,
cohort 4,Extra,STIN,,,11,
cohort 4,Extra,STIN,,,10,
cohort 4,1,STPO,,A11,11,
cohort 4,1,STPO,,B12,10,late trans 12/16
cohort 4,1,STPO,,C05,NA,
cohort 4,1,STPO,,C13,NA,
cohort 4,1,STPO,,D10,NA,
cohort 4,1,STPO,,E07,NA,
cohort 4,2,STPO,,A13,NA,
cohort 4,2,STPO,,C05,NA,
cohort 4,2,STPO,,C07,9,
cohort 4,2,STPO,,D04,11,late trans 12/16
cohort 4,2,STPO,,D06,2,cohort 3 late transplant 12/16
cohort 4,2,STPO,,E03,NA,
cohort 4,3,STPO,,A09,10,
cohort 4,3,STPO,,B12,5,late trans 12/16
cohort 4,3,STPO,,D02,9,cohort 3 late transplant 12/16
cohort 4,3,STPO,,E01,NA,
cohort 4,3,STPO,,G01,NA,
cohort 4,3,STPO,,G03,NA,
cohort 4,4,STPO,,A05,NA,
cohort 4,4,STPO,,A13,NA,
cohort 4,4,STPO,,D04,10,
cohort 4,4,STPO,,E07,10,
cohort 4,4,STPO,,F02,9,late trans 12/16
cohort 4,4,STPO,,G03,7,late trans 12/16
cohort 4,1,STTO_BH,,B02,11,
cohort 4,1,STTO_BH,,C11,12,
cohort 4,1,STTO_BH,,D02,5,16-Dec
cohort 4,1,STTO_BH,,F06,NA,
cohort 4,1,STTO_BH,,G07,NA,
cohort 4,1,STTO_BH,,G13,NA,
cohort 4,2,STTO_BH,,A01,5,petri dish
cohort 4,2,STTO_BH,,A03,15,
cohort 4,2,STTO_BH,,B02,2,12/16/2021 petri
cohort 4,2,STTO_BH,,B08,3,12/30/2021 height
cohort 4,2,STTO_BH,,G03,NA,
cohort 4,2,STTO_BH,,G07,NA,
cohort 4,3,STTO_BH,,A11,NA,
cohort 4,3,STTO_BH,,B06,5,petri dish
cohort 4,3,STTO_BH,,D12,10,
cohort 4,3,STTO_BH,,E11,8,petri dish
cohort 4,3,STTO_BH,,G03,4, 12/16/2021
cohort 4,3,STTO_BH,,G09,NA,
cohort 4,4,STTO_BH,,B06,11,
cohort 4,4,STTO_BH,,B12,7,petri dish
cohort 4,4,STTO_BH,,C03,5,petri dish
cohort 4,4,STTO_BH,,D08,4,12/16/21
cohort 4,4,STTO_BH,,D12,NA,
cohort 4,4,STTO_BH,,E03,NA,
cohort 4,1,STTO_TM2,,B02,15,
cohort 4,1,STTO_TM2,,B10,9,from petri dish
cohort 4,1,STTO_TM2,,B12,8,12/16/21
cohort 4,1,STTO_TM2,,C09,5,12/16 petri dish
cohort 4,1,STTO_TM2,,C11,NA,
cohort 4,1,STTO_TM2,,C13,NA,
cohort 4,2,STTO_TM2,,B06,15,
cohort 4,2,STTO_TM2,,D06,21,
cohort 4,2,STTO_TM2,,D10,11,from petri dish
cohort 4,2,STTO_TM2,,E05,5,12/16 petri
cohort 4,2,STTO_TM2,,E11,NA,
cohort 4,2,STTO_TM2,,G09,NA,
cohort 4,3,STTO_TM2,,A03,15,
cohort 4,3,STTO_TM2,,B12,10,
cohort 4,3,STTO_TM2,,C05,5,from petri dish
cohort 4,3,STTO_TM2,,C09,11,12/16 petri
cohort 4,3,STTO_TM2,,F06,NA,
cohort 4,3,STTO_TM2,,F14,NA,
cohort 4,4,STTO_TM2,,A03,11,
cohort 4,4,STTO_TM2,,A07,14,
cohort 4,4,STTO_TM2,,B14,9,from petri dish
cohort 4,4,STTO_TM2,,D02,8,12/16 petri
cohort 4,4,STTO_TM2,,D12,4,12/16 petri
cohort 4,4,STTO_TM2,,F14,NA,
cohort 5,1,CAAM,,A07,14,
cohort 5,1,CAAM,,A09,14,
cohort 5,1,CAAM,,C05,15,
cohort 5,1,CAAM,,C07,23,1/11 late germ
cohort 5,1,CAAM,,E09,19,
cohort 5,1,CAAM,,G09,15,
cohort 5,2,CAAM,,C09,10,
cohort 5,2,CAAM,,D02,24,
cohort 5,2,CAAM,,D10,21,
cohort 5,2,CAAM,,F12,13,
cohort 5,2,CAAM,,G03,5,
cohort 5,2,CAAM,,G05,11,
cohort 5,3,CAAM,,B02,10,
cohort 5,3,CAAM,,C07,15,
cohort 5,3,CAAM,,E03,8,
cohort 5,3,CAAM,,E09,6,
cohort 5,3,CAAM,,E13,19,
cohort 5,3,CAAM,,F06,13,
cohort 5,4,CAAM,,A01,6,
cohort 5,4,CAAM,,B14,12,
cohort 5,4,CAAM,,C03,3,
cohort 5,4,CAAM,,D12,5,
cohort 5,4,CAAM,,E09,7,
cohort 5,4,CAAM,,F12,NA,
cohort 5,1,CAAN1,,B06,9,
cohort 5,1,CAAN1,,C03,7,
cohort 5,1,CAAN1,,C13,9,1/11 late germ
cohort 5,1,CAAN1,,D04,10,1/11 petri
cohort 5,1,CAAN1,,D12,3,1/11 petri
cohort 5,1,CAAN1,,F06,NA,
cohort 5,2,CAAN1,,B12,8,
cohort 5,2,CAAN1,,B14,9,
cohort 5,2,CAAN1,,C11,11,1/11 petri
cohort 5,2,CAAN1,,D14,8,1/11 petri
cohort 5,2,CAAN1,,E11,NA,
cohort 5,2,CAAN1,,F08,NA,
cohort 5,3,CAAN1,,A13,10,
cohort 5,3,CAAN1,,B06,5,
cohort 5,3,CAAN1,,D06,10,1/11 petri
cohort 5,3,CAAN1,,F02,6,1/11 petri
cohort 5,3,CAAN1,,F12,NA,
cohort 5,3,CAAN1,,F14,NA,
cohort 5,4,CAAN1,,A03,8,
cohort 5,4,CAAN1,,B12,12,1/11 late germ
cohort 5,4,CAAN1,,C09,3,1/11 petri
cohort 5,4,CAAN1,,E03,7,1/11 petri
cohort 5,4,CAAN1,,E05,NA,
cohort 5,4,CAAN1,,F06,NA,
cohort 5,1,CAAN2,,A13,8,1/11 petri
cohort 5,1,CAAN2,,B12,6,
cohort 5,1,CAAN2,,D14,15,
cohort 5,1,CAAN2,,E13,11,
cohort 5,1,CAAN2,,F14,3,
cohort 5,1,CAAN2,,G09,NA,
cohort 5,2,CAAN2,,A09,12,
cohort 5,2,CAAN2,,A11,4,
cohort 5,2,CAAN2,,B02,NA,
cohort 5,2,CAAN2,,D04,NA,
cohort 5,2,CAAN2,,E11,7,
cohort 5,2,CAAN2,,G05,7,
cohort 5,3,CAAN2,,A09,7,1/11 petri
cohort 5,3,CAAN2,,A13,7,
cohort 5,3,CAAN2,,C01,9,
cohort 5,3,CAAN2,,C03,NA,
cohort 5,3,CAAN2,,D06,NA,
cohort 5,3,CAAN2,,E03,NA,
cohort 5,4,CAAN2,,C13,8,
cohort 5,4,CAAN2,,D04,6,1/11 petri
cohort 5,4,CAAN2,,E09,NA,
cohort 5,4,CAAN2,,F04,NA,
cohort 5,4,CAAN2,,F08,NA,
cohort 5,4,CAAN2,,G01,12,
cohort 5,1,CACO1,,A01,20,
cohort 5,1,CACO1,,A09,22,
cohort 5,1,CACO1,,A11,20,
cohort 5,1,CACO1,,C03,20,
cohort 5,1,CACO1,,C07,23,
cohort 5,1,CACO1,,F08,25,
cohort 5,2,CACO1,,A03,20,
cohort 5,2,CACO1,,A05,12,
cohort 5,2,CACO1,,A07,22,
cohort 5,2,CACO1,,B04,25,
cohort 5,2,CACO1,,C11,18,
cohort 5,2,CACO1,,G01,12,
cohort 5,3,CACO1,,C11,18,
cohort 5,3,CACO1,,F02,13,
cohort 5,3,CACO1,,F04,17,
cohort 5,3,CACO1,,F08,15,
cohort 5,3,CACO1,,F10,12,
cohort 5,3,CACO1,,G11,16,
cohort 5,4,CACO1,,A03,18,
cohort 5,4,CACO1,,B06,17,
cohort 5,4,CACO1,,B10,18,
cohort 5,4,CACO1,,C01,16,
cohort 5,4,CACO1,,C07,13,
cohort 5,4,CACO1,,G13,12,
cohort 5,Extra,CACO1,,,10,
cohort 5,Extra,CACO1,,,17,
cohort 5,1,CAIN3,,A05,5,
cohort 5,1,CAIN3,,C01,6,
cohort 5,1,CAIN3,,E03,19,late 1/11
cohort 5,1,CAIN3,,E13,19,1/11 petri
cohort 5,1,CAIN3,,F02,NA,
cohort 5,1,CAIN3,,G01,NA,
cohort 5,2,CAIN3,,B02,2,
cohort 5,2,CAIN3,,C09,10,
cohort 5,2,CAIN3,,D12,9,1/11 petri
cohort 5,2,CAIN3,,D14,18,1/11 petri
cohort 5,2,CAIN3,,G07,NA,
cohort 5,2,CAIN3,,G09,NA,
cohort 5,3,CAIN3,,A07,17,
cohort 5,3,CAIN3,,A09,NA,
cohort 5,3,CAIN3,,B02,11,1/11 petri
cohort 5,3,CAIN3,,C07,12,Cohort 4 late transplant
cohort 5,3,CAIN3,,F10,NA,
cohort 5,3,CAIN3,,F12,NA,
cohort 5,4,CAIN3,,A05,16,
cohort 5,4,CAIN3,,B06,20,1/11 petri
cohort 5,4,CAIN3,,B14,NA,
cohort 5,4,CAIN3,,D04,NA,
cohort 5,4,CAIN3,,D12,NA,
cohort 5,4,CAIN3,,G05,NA,
cohort 5,1,CAIN4,,A09,12,1/11 petri
cohort 5,1,CAIN4,,B04,NA,
cohort 5,1,CAIN4,,B06,NA,
cohort 5,1,CAIN4,,C05,NA,
cohort 5,1,CAIN4,,C13,13,
cohort 5,1,CAIN4,,G01,NA,
cohort 5,2,CAIN4,,A13,11,1/11 petri
cohort 5,2,CAIN4,,B14,NA,
cohort 5,2,CAIN4,,E13,NA,
cohort 5,2,CAIN4,,G03,11,
cohort 5,2,CAIN4,,G07,NA,
cohort 5,2,CAIN4,,G13,NA,
cohort 5,3,CAIN4,,A11,12,1/11 petri
cohort 5,3,CAIN4,,B06,NA,
cohort 5,3,CAIN4,,C05,NA,
cohort 5,3,CAIN4,,C11,NA,
cohort 5,3,CAIN4,,C13,5,
cohort 5,3,CAIN4,,D14,NA,
cohort 5,4,CAIN4,,A07,12,1/11 petri
cohort 5,4,CAIN4,,D14,NA,
cohort 5,4,CAIN4,,E11,NA,
cohort 5,4,CAIN4,,F08,NA,
cohort 5,4,CAIN4,,F10,NA,
cohort 5,4,CAIN4,,G05,NA,
cohort 5,1,STBR3,,A05,9,
cohort 5,1,STBR3,,B08,6,
cohort 5,1,STBR3,,C03,9,
cohort 5,1,STBR3,,C13,15,
cohort 5,1,STBR3,,F04,12,1/11 late germ
cohort 5,1,STBR3,,G05,8,1/11 late germ
cohort 5,2,STBR3,,A07,6,
cohort 5,2,STBR3,,B08,8,
cohort 5,2,STBR3,,E05,5,
cohort 5,2,STBR3,,E09,11,
cohort 5,2,STBR3,,F02,4,1/11 late germ
cohort 5,2,STBR3,,G11,10,1/11 late germ
cohort 5,3,STBR3,,D12,6,
cohort 5,3,STBR3,,F06,10,
cohort 5,3,STBR3,,F08,10,
cohort 5,3,STBR3,,F12,8,
cohort 5,3,STBR3,,G11,10,1/11 late germ
cohort 5,3,STBR3,,G13,12,1/11 late germ
cohort 5,4,STBR3,,D14,4,
cohort 5,4,STBR3,,E05,12,
cohort 5,4,STBR3,,E07,8,
cohort 5,4,STBR3,,E09,8,
cohort 5,4,STBR3,,G03,10,1/11 late germ
cohort 5,4,STBR3,,G09,12,1/11 late germ
cohort 5,Extra,STBR3,,,15,1/11 late germ
cohort 5,Extra,STBR3,,,18,1/11 late germ
cohort 5,1,STDI,,A07,11,
cohort 5,1,STDI,,B06,12,1/11 petri
cohort 5,1,STDI,,E07,NA,
cohort 5,1,STDI,,F06,NA,
cohort 5,1,STDI,,F08,NA,
cohort 5,1,STDI,,G03,NA,
cohort 5,2,STDI,,A09,15,1/11 late germ
cohort 5,2,STDI,,C01,NA,
cohort 5,2,STDI,,E09,NA,
cohort 5,2,STDI,,F08,NA,
cohort 5,2,STDI,,F10,NA,
cohort 5,2,STDI,,G05,NA,
cohort 5,3,STDI,,A13,10,1/11 petri
cohort 5,3,STDI,,B02,NA,
cohort 5,3,STDI,,B06,NA,
cohort 5,3,STDI,,D12,NA,
cohort 5,3,STDI,,E11,NA,
cohort 5,3,STDI,,F12,NA,
cohort 5,4,STDI,,B02,11,1/11 petri
cohort 5,4,STDI,,B10,NA,
cohort 5,4,STDI,,B14,NA,
cohort 5,4,STDI,,D14,NA,
cohort 5,4,STDI,,E07,NA,
cohort 5,4,STDI,,E09,NA,
cohort 5,1,STDR2,,D06,17,
cohort 5,1,STDR2,,D10,10,
cohort 5,1,STDR2,,F02,12,1/11 late germ
cohort 5,1,STDR2,,F08,15,1/11 late germ
cohort 5,1,STDR2,,F12,13,
cohort 5,1,STDR2,,G03,7,
cohort 5,2,STDR2,,A07,16,
cohort 5,2,STDR2,,E01,15,1/11 late germ
cohort 5,2,STDR2,,E07,10,1/11 late germ
cohort 5,2,STDR2,,F08,8,
cohort 5,2,STDR2,,F12,9,
cohort 5,2,STDR2,,G05,NA,
cohort 5,3,STDR2,,C01,14,1/11 late germ
cohort 5,3,STDR2,,C03,14,
cohort 5,3,STDR2,,D10,13,
cohort 5,3,STDR2,,E07,11,1/11 late germ
cohort 5,3,STDR2,,F02,NA,
cohort 5,3,STDR2,,G09,9,
cohort 5,4,STDR2,,B04,12,1/11 late germ
cohort 5,4,STDR2,,C01,8,
cohort 5,4,STDR2,,C05,NA,
cohort 5,4,STDR2,,C09,NA,
cohort 5,4,STDR2,,C11,11,
cohort 5,4,STDR2,,D06,15,
cohort 5,1,STGL1,,B12,NA,
cohort 5,1,STGL1,,C09,10,
cohort 5,1,STGL1,,C13,10,
cohort 5,1,STGL1,,D06,15,
cohort 5,1,STGL1,,D10,NA,
cohort 5,1,STGL1,,F14,NA,
cohort 5,2,STGL1,,A05,12,1/11 late germ
cohort 5,2,STGL1,,A11,12,
cohort 5,2,STGL1,,D06,13,1/11 petri
cohort 5,2,STGL1,,E03,NA,
cohort 5,2,STGL1,,E09,NA,
cohort 5,2,STGL1,,G05,14,
cohort 5,3,STGL1,,B06,6,1/11 late germ
cohort 5,3,STGL1,,B08,10,
cohort 5,3,STGL1,,D04,12,
cohort 5,3,STGL1,,D14,NA,
cohort 5,3,STGL1,,G05,NA,
cohort 5,3,STGL1,,G07,NA,
cohort 5,4,STGL1,,B14,12,1/11 petri
cohort 5,4,STGL1,,C09,16,
cohort 5,4,STGL1,,D04,NA,
cohort 5,4,STGL1,,D10,NA,
cohort 5,4,STGL1,,D14,NA,
cohort 5,4,STGL1,,G01,10,
cohort 5,1,STIN,,A13,10,
cohort 5,1,STIN,,B04,13,
cohort 5,1,STIN,,B10,13,
cohort 5,1,STIN,,E07,9,
cohort 5,1,STIN,,G05,16,1/11 petri
cohort 5,1,STIN,,G11,9,
cohort 5,2,STIN,,A09,9,
cohort 5,2,STIN,,A11,15,
cohort 5,2,STIN,,A13,10,
cohort 5,2,STIN,,E13,7,
cohort 5,2,STIN,,G07,17,1/11 late germ
cohort 5,2,STIN,,G11,10,1/11 petri
cohort 5,3,STIN,,D06,8,
cohort 5,3,STIN,,E13,14,
cohort 5,3,STIN,,F04,14,1/11 late germ
cohort 5,3,STIN,,F06,5,1/11 petri
cohort 5,3,STIN,,F08,7,
cohort 5,3,STIN,,F10,10,
cohort 5,4,STIN,,A01,11,1/11 late germ
cohort 5,4,STIN,,B04,11,
cohort 5,4,STIN,,B08,8,
cohort 5,4,STIN,,B14,7,
cohort 5,4,STIN,,C13,10,1/11 petri
cohort 5,4,STIN,,G03,8,
cohort 5,Extra,STIN,,,10,1/11 petri
cohort 5,Extra,STIN,,,7,1/11 petri
cohort 5,1,STPO,,A01,4,
cohort 5,1,STPO,,A13,9,
cohort 5,1,STPO,,B02,10,late 1/11
cohort 5,1,STPO,,D04,3,petri 1/11
cohort 5,1,STPO,,E11,NA,
cohort 5,1,STPO,,G01,NA,
cohort 5,2,STPO,,A01,11,
cohort 5,2,STPO,,A07,6,
cohort 5,2,STPO,,C13,11,late 1/11 
cohort 5,2,STPO,,F08,3,petri 1/11
cohort 5,2,STPO,,F10,NA,
cohort 5,2,STPO,,G13,NA,
cohort 5,3,STPO,,A01,9,
cohort 5,3,STPO,,A03,7,
cohort 5,3,STPO,,E05,19,late 1/11
cohort 5,3,STPO,,F04,4,petri 1/11
cohort 5,3,STPO,,G05,NA,
cohort 5,3,STPO,,G11,NA,
cohort 5,4,STPO,,B10,8,
cohort 5,4,STPO,,C13,9,petri 1/11
cohort 5,4,STPO,,D12,NA,
cohort 5,4,STPO,,F08,NA,
cohort 5,4,STPO,,G09,NA,
cohort 5,4,STPO,,G13,NA,
cohort 5,1,STTO_BH,,A11,NA,
cohort 5,1,STTO_BH,,B08,6,petri 1/11
cohort 5,1,STTO_BH,,B10,4,petri 1/11
cohort 5,1,STTO_BH,,C03,NA,
cohort 5,1,STTO_BH,,E09,5,
cohort 5,1,STTO_BH,,E11,NA,
cohort 5,2,STTO_BH,,B04,6,petri 1/11
cohort 5,2,STTO_BH,,B12,3,petri 1/11
cohort 5,2,STTO_BH,,C09,NA,
cohort 5,2,STTO_BH,,E11,9,
cohort 5,2,STTO_BH,,F10,NA,
cohort 5,2,STTO_BH,,F12,NA,
cohort 5,3,STTO_BH,,A09,9,petri 1/11
cohort 5,3,STTO_BH,,A13,7,petri 1/11
cohort 5,3,STTO_BH,,B02,4,petri 1/11
cohort 5,3,STTO_BH,,C01,NA,
cohort 5,3,STTO_BH,,C07,NA,
cohort 5,3,STTO_BH,,G13,NA,
cohort 5,4,STTO_BH,,C13,5,petri 1/11
cohort 5,4,STTO_BH,,D02,NA,
cohort 5,4,STTO_BH,,E07,8,petri 1/11
cohort 5,4,STTO_BH,,E09,NA,
cohort 5,4,STTO_BH,,G09,NA,
cohort 5,4,STTO_BH,,G11,NA,
cohort 5,1,STTO_TM2,,A07,2,
cohort 5,1,STTO_TM2,,B04,10,petri 1/11/21
cohort 5,1,STTO_TM2,,B06,NA,
cohort 5,1,STTO_TM2,,D10,NA,
cohort 5,1,STTO_TM2,,F04,NA,
cohort 5,1,STTO_TM2,,F14,NA,
cohort 5,2,STTO_TM2,,B10,11,petri 1/11/21
cohort 5,2,STTO_TM2,,C05,12,petri 1/11/21
cohort 5,2,STTO_TM2,,C09,NA,
cohort 5,2,STTO_TM2,,F08,NA,
cohort 5,2,STTO_TM2,,F10,NA,
cohort 5,2,STTO_TM2,,G11,NA,
cohort 5,3,STTO_TM2,,A07,7,petri 1/11/21
cohort 5,3,STTO_TM2,,C13,10,petri 1/11/21
cohort 5,3,STTO_TM2,,D02,NA,
cohort 5,3,STTO_TM2,,D14,NA,
cohort 5,3,STTO_TM2,,F08,NA,
cohort 5,3,STTO_TM2,,G01,NA,
cohort 5,4,STTO_TM2,,B08,8,petri 1/11/21
cohort 5,4,STTO_TM2,,C05,NA,
cohort 5,4,STTO_TM2,,D06,NA,
cohort 5,4,STTO_TM2,,E05,NA,
cohort 5,4,STTO_TM2,,F02,NA,
cohort 5,4,STTO_TM2,,F12,NA,
cohort 6,1,CAAM,,A01,18,
cohort 6,1,CAAM,,B10,7,
cohort 6,1,CAAM,,B14,13,
cohort 6,1,CAAM,,D02,NA,
cohort 6,1,CAAM,,E05,NA,
cohort 6,1,CAAM,,G05,NA,
cohort 6,2,CAAM,,A11,9,
cohort 6,2,CAAM,,B14,11,
cohort 6,2,CAAM,,E03,21,
cohort 6,2,CAAM,,E11,11,2/3 petri
cohort 6,2,CAAM,,F04,NA,
cohort 6,2,CAAM,,G11,NA,
cohort 6,3,CAAM,,C03,15,
cohort 6,3,CAAM,,C13,16,
cohort 6,3,CAAM,,F08,15,
cohort 6,3,CAAM,,F12,10,2/3 petri
cohort 6,3,CAAM,,G05,NA,
cohort 6,3,CAAM,,G07,NA,
cohort 6,4,CAAM,,B08,15,
cohort 6,4,CAAM,,C05,13,
cohort 6,4,CAAM,,C07,11,
cohort 6,4,CAAM,,D08,15,transplanted1/27; measured 2/3
cohort 6,4,CAAM,,D10,NA,
cohort 6,4,CAAM,,G07,NA,
cohort 6,1,CAAN1,,A01,4,
cohort 6,1,CAAN1,,B02,8,
cohort 6,1,CAAN1,,D08,4,
cohort 6,1,CAAN1,,E01,10,
cohort 6,1,CAAN1,,E05,NA,
cohort 6,1,CAAN1,,E11,NA,
cohort 6,2,CAAN1,,A05,3,
cohort 6,2,CAAN1,,A07,6,
cohort 6,2,CAAN1,,C03,10,
cohort 6,2,CAAN1,,D12,9,
cohort 6,2,CAAN1,,E05,NA,
cohort 6,2,CAAN1,,G05,NA,
cohort 6,3,CAAN1,,A03,5,
cohort 6,3,CAAN1,,A07,10,
cohort 6,3,CAAN1,,C07,7,
cohort 6,3,CAAN1,,C11,10,
cohort 6,3,CAAN1,,G07,NA,
cohort 6,3,CAAN1,,G11,NA,
cohort 6,4,CAAN1,,A07,8,
cohort 6,4,CAAN1,,B02,10,
cohort 6,4,CAAN1,,C01,10,
cohort 6,4,CAAN1,,D04,10,
cohort 6,4,CAAN1,,E01,7,
cohort 6,4,CAAN1,,G01,NA,
cohort 6,1,CAAN2,,A01,5,2/3 petri
cohort 6,1,CAAN2,,B14,NA,
cohort 6,1,CAAN2,,C01,NA,
cohort 6,1,CAAN2,,D06,NA,
cohort 6,1,CAAN2,,E03,NA,
cohort 6,1,CAAN2,,F08,NA,
cohort 6,2,CAAN2,,B04,6,2/3 petri
cohort 6,2,CAAN2,,C01,NA,
cohort 6,2,CAAN2,,C13,NA,
cohort 6,2,CAAN2,,E05,NA,
cohort 6,2,CAAN2,,E09,NA,
cohort 6,2,CAAN2,,F04,NA,
cohort 6,3,CAAN2,,A05,9,
cohort 6,3,CAAN2,,B06,7,2/3 petri
cohort 6,3,CAAN2,,C11,NA,
cohort 6,3,CAAN2,,D08,NA,
cohort 6,3,CAAN2,,F04,NA,
cohort 6,3,CAAN2,,G13,NA,
cohort 6,4,CAAN2,,A01,10,
cohort 6,4,CAAN2,,A09,3,2/3 petri
cohort 6,4,CAAN2,,A13,NA,
cohort 6,4,CAAN2,,B12,NA,
cohort 6,4,CAAN2,,D06,NA,
cohort 6,4,CAAN2,,F14,NA,
cohort 6,1,CACO1,,C01,19,
cohort 6,1,CACO1,,E13,16,
cohort 6,1,CACO1,,F02,26,
cohort 6,1,CACO1,,F12,18,
cohort 6,1,CACO1,,G11,NA,
cohort 6,1,CACO1,,G13,NA,
cohort 6,2,CACO1,,A01,18,
cohort 6,2,CACO1,,C01,22,
cohort 6,2,CACO1,,E09,14,
cohort 6,2,CACO1,,F12,20,
cohort 6,2,CACO1,,G09,11,
cohort 6,2,CACO1,,G13,NA,
cohort 6,3,CACO1,,A13,10,
cohort 6,3,CACO1,,D04,21,
cohort 6,3,CACO1,,D12,12,
cohort 6,3,CACO1,,E05,18,
cohort 6,3,CACO1,,G07,15,
cohort 6,3,CACO1,,G09,NA,
cohort 6,4,CACO1,,A01,17,
cohort 6,4,CACO1,,A09,15,
cohort 6,4,CACO1,,C09,17,
cohort 6,4,CACO1,,C13,14,
cohort 6,4,CACO1,,D04,14,
cohort 6,4,CACO1,,D12,NA,
cohort 6,1,CAIN3,,A07,14,
cohort 6,1,CAIN3,,A13,12,
cohort 6,1,CAIN3,,B02,8,
cohort 6,1,CAIN3,,C05,9,
cohort 6,1,CAIN3,,F08,19,2/3 petri
cohort 6,1,CAIN3,,G05,NA,
cohort 6,2,CAIN3,,A01,11,
cohort 6,2,CAIN3,,A05,14,
cohort 6,2,CAIN3,,A11,12,
cohort 6,2,CAIN3,,E11,8,2/3 petri
cohort 6,2,CAIN3,,F14,17,2/3 petri
cohort 6,2,CAIN3,,G13,NA,
cohort 6,3,CAIN3,,C01,15,
cohort 6,3,CAIN3,,C03,20,
cohort 6,3,CAIN3,,D04,23,
cohort 6,3,CAIN3,,F02,9,2/3 petri
cohort 6,3,CAIN3,,F08,18,2/3 petri
cohort 6,3,CAIN3,,G11,10,2/3 petri
cohort 6,4,CAIN3,,A03,14,
cohort 6,4,CAIN3,,B10,12,
cohort 6,4,CAIN3,,C11,12,2/3 petri
cohort 6,4,CAIN3,,F06,13,2/3 petri
cohort 6,4,CAIN3,,G09,12,2/3 petri
cohort 6,4,CAIN3,,G11,10,2/3 petri
cohort 6,1,CAIN4,,A07,11,
cohort 6,1,CAIN4,,B10,16,
cohort 6,1,CAIN4,,C11,11,2/3 petri
cohort 6,1,CAIN4,,D04,11,2/3 petri
cohort 6,1,CAIN4,,E11,NA,
cohort 6,1,CAIN4,,F10,NA,
cohort 6,2,CAIN4,,A03,10,
cohort 6,2,CAIN4,,A11,12,
cohort 6,2,CAIN4,,C03,12,from C5
cohort 6,2,CAIN4,,D06,6,2/3 petri
cohort 6,2,CAIN4,,F12,NA,
cohort 6,2,CAIN4,,G11,NA,
cohort 6,3,CAIN4,,A07,18,
cohort 6,3,CAIN4,,A13,11,
cohort 6,3,CAIN4,,C07,15,
cohort 6,3,CAIN4,,E03,11,2/3 petri
cohort 6,3,CAIN4,,E09,5,2/3 petri
cohort 6,3,CAIN4,,G03,NA,
cohort 6,4,CAIN4,,A03,5,
cohort 6,4,CAIN4,,B08,5,
cohort 6,4,CAIN4,,C05,14,
cohort 6,4,CAIN4,,F14,10,2/3 petri
cohort 6,4,CAIN4,,G03,15,2/3 petri
cohort 6,4,CAIN4,,G09,NA,
cohort 6,1,STBR3,,B04,12,
cohort 6,1,STBR3,,C01,14,
cohort 6,1,STBR3,,C11,13,
cohort 6,1,STBR3,,E01,7,
cohort 6,1,STBR3,,G03,11,
cohort 6,1,STBR3,,G11,6,
cohort 6,2,STBR3,,B06,10,
cohort 6,2,STBR3,,C03,9,
cohort 6,2,STBR3,,C13,12,
cohort 6,2,STBR3,,D08,8,
cohort 6,2,STBR3,,D10,11,
cohort 6,2,STBR3,,E11,8,
cohort 6,3,STBR3,,B08,9,
cohort 6,3,STBR3,,B14,15,
cohort 6,3,STBR3,,C11,10,
cohort 6,3,STBR3,,D04,12,
cohort 6,3,STBR3,,F02,11,
cohort 6,3,STBR3,,F04,11,
cohort 6,4,STBR3,,A09,10,Cohort 5
cohort 6,4,STBR3,,A13,9,
cohort 6,4,STBR3,,D06,13,
cohort 6,4,STBR3,,E13,16,Cohort 5
cohort 6,4,STBR3,,G11,4,Cohort 5
cohort 6,4,STBR3,,G13,15,Cohort 5
cohort 6,Extra,STBR3,,,9,
cohort 6,Extra,STBR3,,,10,
cohort 6,Extra,STBR3,,,14,
cohort 6,1,STDI,,A09,25,
cohort 6,1,STDI,,B12,9,2/3 petri
cohort 6,1,STDI,,C07,NA,
cohort 6,1,STDI,,C09,NA,
cohort 6,1,STDI,,C11,NA,
cohort 6,1,STDI,,F04,NA,
cohort 6,2,STDI,,A05,15,
cohort 6,2,STDI,,B12,8,2/3 petri
cohort 6,2,STDI,,B14,NA,
cohort 6,2,STDI,,C05,NA,
cohort 6,2,STDI,,C09,NA,
cohort 6,2,STDI,,C13,NA,
cohort 6,3,STDI,,A03,21,
cohort 6,3,STDI,,A07,7,2/3 petri
cohort 6,3,STDI,,E13,NA,
cohort 6,3,STDI,,F02,NA,
cohort 6,3,STDI,,F06,NA,
cohort 6,3,STDI,,G13,NA,
cohort 6,4,STDI,,A07,26,
cohort 6,4,STDI,,C03,7,2/3 petri
cohort 6,4,STDI,,C11,NA,
cohort 6,4,STDI,,E11,NA,
cohort 6,4,STDI,,G03,NA,
cohort 6,4,STDI,,G05,NA,
cohort 6,1,STDR2,,A01,15,
cohort 6,1,STDR2,,A11,20,
cohort 6,1,STDR2,,E09,7,2/3 late
cohort 6,1,STDR2,,F14,NA,
cohort 6,1,STDR2,,G01,NA,
cohort 6,1,STDR2,,G05,NA,
cohort 6,2,STDR2,,A13,10,
cohort 6,2,STDR2,,C09,13,
cohort 6,2,STDR2,,C11,11,2/3 late
cohort 6,2,STDR2,,D04,NA,
cohort 6,2,STDR2,,E11,NA,
cohort 6,2,STDR2,,F14,NA,
cohort 6,3,STDR2,,B02,9,
cohort 6,3,STDR2,,D02,15,
cohort 6,3,STDR2,,F04,9,2/3 late
cohort 6,3,STDR2,,F08,NA,
cohort 6,3,STDR2,,F12,NA,
cohort 6,3,STDR2,,G01,NA,
cohort 6,4,STDR2,,A03,16,
cohort 6,4,STDR2,,B06,16,
cohort 6,4,STDR2,,C13,15,
cohort 6,4,STDR2,,D12,NA,
cohort 6,4,STDR2,,E01,NA,
cohort 6,4,STDR2,,F14,NA,
cohort 6,1,STGL1,,A03,16,Cohort 5
cohort 6,1,STGL1,,E03,NA,
cohort 6,1,STGL1,,E05,NA,
cohort 6,1,STGL1,,E07,NA,
cohort 6,1,STGL1,,E09,NA,
cohort 6,1,STGL1,,G09,NA,
cohort 6,2,STGL1,,A01,21,Cohort 5
cohort 6,2,STGL1,,A03,NA,
cohort 6,2,STGL1,,C03,NA,
cohort 6,2,STGL1,,F02,NA,
cohort 6,2,STGL1,,F08,NA,
cohort 6,2,STGL1,,G03,NA,
cohort 6,3,STGL1,,B14,20,
cohort 6,3,STGL1,,C03,NA,
cohort 6,3,STGL1,,D06,NA,
cohort 6,3,STGL1,,E05,NA,
cohort 6,3,STGL1,,F02,NA,
cohort 6,3,STGL1,,F08,NA,
cohort 6,4,STGL1,,A03,NA,
cohort 6,4,STGL1,,A11,32,
cohort 6,4,STGL1,,D06,NA,
cohort 6,4,STGL1,,E03,NA,
cohort 6,4,STGL1,,F10,NA,
cohort 6,4,STGL1,,G07,NA,
cohort 6,1,STIN,,A05,10,
cohort 6,1,STIN,,C01,15,
cohort 6,1,STIN,,C11,10,
cohort 6,1,STIN,,D06,11,
cohort 6,1,STIN,,E01,11,
cohort 6,1,STIN,,F08,9,
cohort 6,2,STIN,,B02,9,
cohort 6,2,STIN,,D14,8,
cohort 6,2,STIN,,F04,10,
cohort 6,2,STIN,,F10,8,
cohort 6,2,STIN,,F12,12,
cohort 6,2,STIN,,G13,11,
cohort 6,3,STIN,,A01,12,
cohort 6,3,STIN,,A07,10,
cohort 6,3,STIN,,B02,8,
cohort 6,3,STIN,,C01,10,
cohort 6,3,STIN,,C11,10,
cohort 6,3,STIN,,E05,14,
cohort 6,4,STIN,,A11,10,
cohort 6,4,STIN,,B06,15,
cohort 6,4,STIN,,C05,10,
cohort 6,4,STIN,,C09,16,
cohort 6,4,STIN,,E03,12,
cohort 6,4,STIN,,G01,10,
cohort 6,Extra,STIN,,,17,
cohort 6,Extra,STIN,,,9,
cohort 6,Extra,STIN,,,10,
cohort 6,1,STPO,,A03,11,
cohort 6,1,STPO,,D06,11,
cohort 6,1,STPO,,D08,7,
cohort 6,1,STPO,,E05,5,
cohort 6,1,STPO,,E13,9,
cohort 6,1,STPO,,G11,9,
cohort 6,2,STPO,,C03,12,
cohort 6,2,STPO,,C09,8,
cohort 6,2,STPO,,C11,9,
cohort 6,2,STPO,,D02,5,
cohort 6,2,STPO,,E07,4,
cohort 6,2,STPO,,E09,6,
cohort 6,3,STPO,,B08,9,
cohort 6,3,STPO,,C07,9,
cohort 6,3,STPO,,D04,9,
cohort 6,3,STPO,,D10,8,
cohort 6,3,STPO,,F10,6,
cohort 6,3,STPO,,F14,8,
cohort 6,4,STPO,,A03,10,
cohort 6,4,STPO,,C01,8,
cohort 6,4,STPO,,D14,9,
cohort 6,4,STPO,,E11,7,
cohort 6,4,STPO,,F14,11,
cohort 6,4,STPO,,G07,9,
cohort 6,Extra,STPO,,,6,
cohort 6,Extra,STPO,,,7,
cohort 6,Extra,STPO,,,4,
cohort 6,1,STTO_BH,,B14,6,2/3 petri
cohort 6,1,STTO_BH,,D06,5,2/3 petri
cohort 6,1,STTO_BH,,E07,NA,
cohort 6,1,STTO_BH,,E13,NA,
cohort 6,1,STTO_BH,,F08,NA,
cohort 6,1,STTO_BH,,G03,NA,
cohort 6,2,STTO_BH,,C05,7,2/3 petri
cohort 6,2,STTO_BH,,C13,5,2/3 petri
cohort 6,2,STTO_BH,,D02,NA,
cohort 6,2,STTO_BH,,D08,NA,
cohort 6,2,STTO_BH,,F14,NA,
cohort 6,2,STTO_BH,,G05,NA,
cohort 6,3,STTO_BH,,D04,8,
cohort 6,3,STTO_BH,,D08,6,2/3 petri
cohort 6,3,STTO_BH,,E09,NA,
cohort 6,3,STTO_BH,,F14,NA,
cohort 6,3,STTO_BH,,G05,NA,
cohort 6,3,STTO_BH,,G11,NA,
cohort 6,4,STTO_BH,,A09,4,
cohort 6,4,STTO_BH,,C05,10,2/3 petri
cohort 6,4,STTO_BH,,E11,4,2/3 petri
cohort 6,4,STTO_BH,,F10,NA,
cohort 6,4,STTO_BH,,F14,NA,
cohort 6,4,STTO_BH,,G05,NA,
cohort 6,1,STTO_TM2,,C03,10,
cohort 6,1,STTO_TM2,,C05,3,2/3 petri
cohort 6,1,STTO_TM2,,C07,NA,
cohort 6,1,STTO_TM2,,D02,NA,
cohort 6,1,STTO_TM2,,E05,NA,
cohort 6,1,STTO_TM2,,F08,NA,
cohort 6,2,STTO_TM2,,A05,12,
cohort 6,2,STTO_TM2,,B04,8,2/3 petri
cohort 6,2,STTO_TM2,,E01,NA,
cohort 6,2,STTO_TM2,,E07,NA,
cohort 6,2,STTO_TM2,,F06,NA,
cohort 6,2,STTO_TM2,,G05,NA,
cohort 6,3,STTO_TM2,,A01,10,
cohort 6,3,STTO_TM2,,A09,9,2/3 petri
cohort 6,3,STTO_TM2,,B06,NA,
cohort 6,3,STTO_TM2,,C03,NA,
cohort 6,3,STTO_TM2,,C07,NA,
cohort 6,3,STTO_TM2,,D04,NA,
cohort 6,4,STTO_TM2,,B02,12,
cohort 6,4,STTO_TM2,,C07,8,
cohort 6,4,STTO_TM2,,C11,4,2/3 petri
cohort 6,4,STTO_TM2,,C13,NA,
cohort 6,4,STTO_TM2,,F08,NA,
cohort 6,4,STTO_TM2,,F10,NA,
cohort 7,1,CAAM,,B06,19,
cohort 7,1,CAAM,,C03,4,Petri dish
cohort 7,1,CAAM,,C09,10,3/3 late germ
cohort 7,1,CAAM,,E03,NA,
cohort 7,1,CAAM,,E13,NA,
cohort 7,1,CAAM,,G01,NA,
cohort 7,2,CAAM,,A09,18,
cohort 7,2,CAAM,,B08,8,3/3 petri
cohort 7,2,CAAM,,C13,NA,
cohort 7,2,CAAM,,E13,NA,
cohort 7,2,CAAM,,F06,NA,
cohort 7,2,CAAM,,F08,NA,
cohort 7,3,CAAM,,A07,17,
cohort 7,3,CAAM,,B10,11,3/3 late germ
cohort 7,3,CAAM,,B12,NA,
cohort 7,3,CAAM,,C11,NA,
cohort 7,3,CAAM,,D08,NA,
cohort 7,3,CAAM,,E07,NA,
cohort 7,4,CAAM,,A11,10,
cohort 7,4,CAAM,,B04,12,3/3 late germ
cohort 7,4,CAAM,,C13,NA,
cohort 7,4,CAAM,,F02,NA,
cohort 7,4,CAAM,,F06,NA,
cohort 7,4,CAAM,,G01,NA,
cohort 7,1,CAAN1,,B08,6,didn't survive
cohort 7,1,CAAN1,,B14,4,didn't survive
cohort 7,1,CAAN1,,D10,NA,
cohort 7,1,CAAN1,,F04,NA,
cohort 7,1,CAAN1,,F14,NA,
cohort 7,1,CAAN1,,G05,NA,
cohort 7,2,CAAN1,,A09,3,
cohort 7,2,CAAN1,,A13,7,
cohort 7,2,CAAN1,,B10,NA,
cohort 7,2,CAAN1,,D04,NA,
cohort 7,2,CAAN1,,E01,NA,
cohort 7,2,CAAN1,,F04,NA,
cohort 7,3,CAAN1,,A01,8,
cohort 7,3,CAAN1,,B08,9,
cohort 7,3,CAAN1,,B10,NA,
cohort 7,3,CAAN1,,C05,NA,
cohort 7,3,CAAN1,,C13,NA,
cohort 7,3,CAAN1,,G01,NA,
cohort 7,4,CAAN1,,C13,3,
cohort 7,4,CAAN1,,D14,NA,
cohort 7,4,CAAN1,,G05,NA,
cohort 7,4,CAAN1,,G07,NA,
cohort 7,4,CAAN1,,G11,NA,
cohort 7,4,CAAN1,,G13,NA,
cohort 7,1,CAAN2,,A05,5,Petri; Didn't survive
cohort 7,1,CAAN2,,D02,3,petri 
cohort 7,1,CAAN2,,F02,5,Petri; Didn't survive
cohort 7,1,CAAN2,,F10,NA,
cohort 7,1,CAAN2,,F12,NA,
cohort 7,1,CAAN2,,G01,NA,
cohort 7,2,CAAN2,,A03,4,petri 
cohort 7,2,CAAN2,,A13,5,Petri; Didn't survive
cohort 7,2,CAAN2,,B08,NA,
cohort 7,2,CAAN2,,C05,NA,
cohort 7,2,CAAN2,,C11,NA,
cohort 7,2,CAAN2,,D08,NA,
cohort 7,3,CAAN2,,A07,3,petri
cohort 7,3,CAAN2,,B02,5,Petri; Didn't survive
cohort 7,3,CAAN2,,C05,NA,
cohort 7,3,CAAN2,,C09,NA,
cohort 7,3,CAAN2,,E09,NA,
cohort 7,3,CAAN2,,G11,NA,
cohort 7,4,CAAN2,,A05,4,Petri; Didn't survive
cohort 7,4,CAAN2,,B14,4,Petri; Didn't survive
cohort 7,4,CAAN2,,C01,NA,
cohort 7,4,CAAN2,,C05,NA,
cohort 7,4,CAAN2,,E11,NA,
cohort 7,4,CAAN2,,F10,NA,
cohort 7,1,CACO1,,B08,15,didn't survive
cohort 7,1,CACO1,,B12,8,3/3 Late germ
cohort 7,1,CACO1,,C11,NA,
cohort 7,1,CACO1,,D06,NA,
cohort 7,1,CACO1,,E03,NA,
cohort 7,1,CACO1,,E07,NA,
cohort 7,2,CACO1,,A11,6,Petri; Didn't survive
cohort 7,2,CACO1,,B10,NA,
cohort 7,2,CACO1,,B12,NA,
cohort 7,2,CACO1,,D10,NA,
cohort 7,2,CACO1,,D14,NA,
cohort 7,2,CACO1,,F06,NA,
cohort 7,3,CACO1,,A09,26,
cohort 7,3,CACO1,,C01,NA,
cohort 7,3,CACO1,,D08,NA,
cohort 7,3,CACO1,,E11,NA,
cohort 7,3,CACO1,,F06,NA,
cohort 7,3,CACO1,,G05,NA,
cohort 7,4,CACO1,,A13,5,petri dish
cohort 7,4,CACO1,,F12,NA,
cohort 7,4,CACO1,,G01,NA,
cohort 7,4,CACO1,,G05,NA,
cohort 7,4,CACO1,,G07,NA,
cohort 7,4,CACO1,,G11,NA,
cohort 7,1,CAIN3,,D06,6,petri
cohort 7,1,CAIN3,,D10,5,Petri; Didn't survive
cohort 7,1,CAIN3,,E01,3,petri 3/3;Didn't survive
cohort 7,1,CAIN3,,G07,NA,
cohort 7,1,CAIN3,,G09,NA,
cohort 7,1,CAIN3,,G13,NA,
cohort 7,2,CAIN3,,B12,6,Petri; Didn't survive
cohort 7,2,CAIN3,,C13,5,petri
cohort 7,2,CAIN3,,E07,10,petri 3/3
cohort 7,2,CAIN3,,F02,NA,
cohort 7,2,CAIN3,,F12,NA,
cohort 7,2,CAIN3,,G01,NA,
cohort 7,3,CAIN3,,A01,2,petri
cohort 7,3,CAIN3,,B04,9,petri
cohort 7,3,CAIN3,,B10,NA,
cohort 7,3,CAIN3,,D10,NA,
cohort 7,3,CAIN3,,D12,NA,
cohort 7,3,CAIN3,,F06,NA,
cohort 7,4,CAIN3,,A09,5,petri
cohort 7,4,CAIN3,,B04,9,petri
cohort 7,4,CAIN3,,C05,NA,
cohort 7,4,CAIN3,,C13,NA,
cohort 7,4,CAIN3,,D14,NA,
cohort 7,4,CAIN3,,G07,NA,
cohort 7,1,CAIN4,,C01,6,
cohort 7,1,CAIN4,,C09,10,
cohort 7,1,CAIN4,,D10,8,petri
cohort 7,1,CAIN4,,F08,NA,
cohort 7,1,CAIN4,,F14,NA,
cohort 7,1,CAIN4,,G11,NA,
cohort 7,2,CAIN4,,B06,NA,
cohort 7,2,CAIN4,,C07,10,
cohort 7,2,CAIN4,,D02,9,
cohort 7,2,CAIN4,,D08,5,3/3 petri
cohort 7,2,CAIN4,,G05,NA,
cohort 7,2,CAIN4,,G09,NA,
cohort 7,3,CAIN4,,A05,12,
cohort 7,3,CAIN4,,A09,10,
cohort 7,3,CAIN4,,B12,NA,
cohort 7,3,CAIN4,,C01,NA,
cohort 7,3,CAIN4,,E01,NA,
cohort 7,3,CAIN4,,F10,NA,
cohort 7,4,CAIN4,,A01,10,
cohort 7,4,CAIN4,,B02,6,petri
cohort 7,4,CAIN4,,B12,NA,
cohort 7,4,CAIN4,,D08,NA,
cohort 7,4,CAIN4,,E01,NA,
cohort 7,4,CAIN4,,E03,NA,
cohort 7,1,STBR3,,A01,7,
cohort 7,1,STBR3,,D04,8,cohort 6
cohort 7,1,STBR3,,D08,12,
cohort 7,1,STBR3,,F02,NA,
cohort 7,1,STBR3,,F14,NA,
cohort 7,1,STBR3,,G13,NA,
cohort 7,2,STBR3,,C07,9,
cohort 7,2,STBR3,,C09,10,cohort 6
cohort 7,2,STBR3,,D12,8,
cohort 7,2,STBR3,,F10,NA,
cohort 7,2,STBR3,,F14,NA,
cohort 7,2,STBR3,,G01,NA,
cohort 7,3,STBR3,,A09,8,
cohort 7,3,STBR3,,A13,11,
cohort 7,3,STBR3,,B06,13,
cohort 7,3,STBR3,,B10,NA,
cohort 7,3,STBR3,,C05,NA,
cohort 7,3,STBR3,,E05,NA,
cohort 7,4,STBR3,,A05,7,cohort 6
cohort 7,4,STBR3,,B10,13,
cohort 7,4,STBR3,,B12,10,
cohort 7,4,STBR3,,F06,NA,
cohort 7,4,STBR3,,G05,NA,
cohort 7,4,STBR3,,G07,NA,
cohort 7,1,STDI,,B08,15,
cohort 7,1,STDI,,C13,NA,
cohort 7,1,STDI,,E01,NA,
cohort 7,1,STDI,,E05,NA,
cohort 7,1,STDI,,G11,NA,
cohort 7,1,STDI,,G13,NA,
cohort 7,2,STDI,,A11,5,
cohort 7,2,STDI,,B06,NA,
cohort 7,2,STDI,,D04,NA,
cohort 7,2,STDI,,E07,NA,
cohort 7,2,STDI,,E11,NA,
cohort 7,2,STDI,,F06,NA,
cohort 7,3,STDI,,B08,NA,
cohort 7,3,STDI,,B10,NA,
cohort 7,3,STDI,,D06,NA,
cohort 7,3,STDI,,D14,NA,
cohort 7,3,STDI,,F14,NA,
cohort 7,3,STDI,,G01,NA,
cohort 7,4,STDI,,A09,NA,
cohort 7,4,STDI,,C05,NA,
cohort 7,4,STDI,,D06,NA,
cohort 7,4,STDI,,D08,NA,
cohort 7,4,STDI,,D10,NA,
cohort 7,4,STDI,,G07,NA,
cohort 7,1,STDR2,,B06,NA,
cohort 7,1,STDR2,,C09,NA,
cohort 7,1,STDR2,,E01,NA,
cohort 7,1,STDR2,,E03,NA,
cohort 7,1,STDR2,,E13,NA,
cohort 7,1,STDR2,,G07,NA,
cohort 7,2,STDR2,,A05,NA,
cohort 7,2,STDR2,,B12,NA,
cohort 7,2,STDR2,,B14,NA,
cohort 7,2,STDR2,,D06,NA,
cohort 7,2,STDR2,,D10,NA,
cohort 7,2,STDR2,,E03,NA,
cohort 7,3,STDR2,,A09,NA,
cohort 7,3,STDR2,,B08,NA,
cohort 7,3,STDR2,,B10,NA,
cohort 7,3,STDR2,,C05,NA,
cohort 7,3,STDR2,,C07,NA,
cohort 7,3,STDR2,,F10,NA,
cohort 7,4,STDR2,,A09,NA,
cohort 7,4,STDR2,,A11,NA,
cohort 7,4,STDR2,,A13,NA,
cohort 7,4,STDR2,,B08,NA,
cohort 7,4,STDR2,,E03,NA,
cohort 7,4,STDR2,,F12,NA,
cohort 7,1,STGL1,,B02,NA,
cohort 7,1,STGL1,,B04,NA,
cohort 7,1,STGL1,,C03,NA,
cohort 7,1,STGL1,,F02,NA,
cohort 7,1,STGL1,,F10,NA,
cohort 7,1,STGL1,,G01,NA,
cohort 7,2,STGL1,,A13,NA,
cohort 7,2,STGL1,,B08,NA,
cohort 7,2,STGL1,,C07,NA,
cohort 7,2,STGL1,,C11,NA,
cohort 7,2,STGL1,,E05,NA,
cohort 7,2,STGL1,,G09,NA,
cohort 7,3,STGL1,,A09,NA,
cohort 7,3,STGL1,,B10,NA,
cohort 7,3,STGL1,,C11,NA,
cohort 7,3,STGL1,,D10,NA,
cohort 7,3,STGL1,,E01,NA,
cohort 7,3,STGL1,,G13,NA,
cohort 7,4,STGL1,,A07,NA,
cohort 7,4,STGL1,,B06,NA,
cohort 7,4,STGL1,,C07,NA,
cohort 7,4,STGL1,,D02,NA,
cohort 7,4,STGL1,,E13,NA,
cohort 7,4,STGL1,,F02,NA,
cohort 7,1,STIN,,A03,16,
cohort 7,1,STIN,,A11,11,
cohort 7,1,STIN,,B02,15,
cohort 7,1,STIN,,D04,16,
cohort 7,1,STIN,,F02,11,
cohort 7,1,STIN,,G09,11,3/3 late transplant
cohort 7,2,STIN,,C05,6,
cohort 7,2,STIN,,C09,12,
cohort 7,2,STIN,,D02,13,
cohort 7,2,STIN,,D06,12,
cohort 7,2,STIN,,D08,11,
cohort 7,2,STIN,,E09,NA,
cohort 7,3,STIN,,B04,17,
cohort 7,3,STIN,,B12,16,
cohort 7,3,STIN,,C05,11,
cohort 7,3,STIN,,D14,9,
cohort 7,3,STIN,,E03,13,
cohort 7,3,STIN,,G01,NA,
cohort 7,4,STIN,,A09,6,
cohort 7,4,STIN,,A13,18,
cohort 7,4,STIN,,D08,10,
cohort 7,4,STIN,,E09,20,
cohort 7,4,STIN,,E13,16,
cohort 7,4,STIN,,F06,NA,
cohort 7,1,STPO,,A05,12,
cohort 7,1,STPO,,D02,3,3/3 late germ
cohort 7,1,STPO,,D12,7,3/3 late germ
cohort 7,1,STPO,,E01,NA,
cohort 7,1,STPO,,F08,NA,
cohort 7,1,STPO,,F14,NA,
cohort 7,2,STPO,,D10,11,
cohort 7,2,STPO,,D12,5,3/3 late germ
cohort 7,2,STPO,,D14,6,3/3 late germ
cohort 7,2,STPO,,F12,NA,
cohort 7,2,STPO,,G01,NA,
cohort 7,2,STPO,,G07,NA,
cohort 7,3,STPO,,C03,4,3/3 petri
cohort 7,3,STPO,,C05,6,3/3 late germ
cohort 7,3,STPO,,C11,11,3/3 late germ
cohort 7,3,STPO,,C13,NA,
cohort 7,3,STPO,,E11,NA,
cohort 7,3,STPO,,F08,NA,
cohort 7,4,STPO,,B02,6,3/3 petri
cohort 7,4,STPO,,C03,7,3/3 late germ
cohort 7,4,STPO,,C07,NA,
cohort 7,4,STPO,,D02,NA,
cohort 7,4,STPO,,D06,NA,
cohort 7,4,STPO,,G01,NA,
cohort 7,1,STTO_BH,,A13,8,
cohort 7,1,STTO_BH,,B06,2,petri
cohort 7,1,STTO_BH,,C01,NA,
cohort 7,1,STTO_BH,,C09,NA,
cohort 7,1,STTO_BH,,D14,NA,
cohort 7,1,STTO_BH,,E03,NA,
cohort 7,2,STTO_BH,,A13,2,petri; didn't survive
cohort 7,2,STTO_BH,,B14,2,petri; didn't survive
cohort 7,2,STTO_BH,,C07,NA,
cohort 7,2,STTO_BH,,C11,NA,
cohort 7,2,STTO_BH,,E13,NA,
cohort 7,2,STTO_BH,,G09,NA,
cohort 7,3,STTO_BH,,A07,3,Petri
cohort 7,3,STTO_BH,,B12,4,3/3 petri
cohort 7,3,STTO_BH,,C13,NA,
cohort 7,3,STTO_BH,,E05,NA,
cohort 7,3,STTO_BH,,F02,NA,
cohort 7,3,STTO_BH,,G07,NA,
cohort 7,4,STTO_BH,,A07,4,petri
cohort 7,4,STTO_BH,,C07,NA,
cohort 7,4,STTO_BH,,D04,NA,
cohort 7,4,STTO_BH,,D06,NA,
cohort 7,4,STTO_BH,,F04,NA,
cohort 7,4,STTO_BH,,G03,NA,
cohort 7,1,STTO_TM2,,A01,10,
cohort 7,1,STTO_TM2,,F02,4,petri
cohort 7,1,STTO_TM2,,F12,NA,
cohort 7,1,STTO_TM2,,G03,NA,
cohort 7,1,STTO_TM2,,G07,NA,
cohort 7,1,STTO_TM2,,G13,NA,
cohort 7,2,STTO_TM2,,A09,8,
cohort 7,2,STTO_TM2,,B02,NA,
cohort 7,2,STTO_TM2,,C01,NA,
cohort 7,2,STTO_TM2,,C07,NA,
cohort 7,2,STTO_TM2,,D02,NA,
cohort 7,2,STTO_TM2,,D12,NA,
cohort 7,3,STTO_TM2,,A13,5,petri
cohort 7,3,STTO_TM2,,C01,NA,
cohort 7,3,STTO_TM2,,D12,NA,
cohort 7,3,STTO_TM2,,E03,NA,
cohort 7,3,STTO_TM2,,E13,NA,
cohort 7,3,STTO_TM2,,G11,NA,
cohort 7,4,STTO_TM2,,A13,5,petri
cohort 7,4,STTO_TM2,,C03,NA,
cohort 7,4,STTO_TM2,,E07,NA,
cohort 7,4,STTO_TM2,,E13,NA,
cohort 7,4,STTO_TM2,,G03,NA,
cohort 7,4,STTO_TM2,,G13,NA,
cohort 8,1,CAAM,,C01,10,
cohort 8,1,CAAM,,D14,NA,
cohort 8,1,CAAM,,F02,NA,
cohort 8,1,CAAM,,F10,NA,
cohort 8,1,CAAM,,F12,NA,
cohort 8,1,CAAM,,G13,NA,
cohort 8,2,CAAM,,B12,19,
cohort 8,2,CAAM,,C05,11,
cohort 8,2,CAAM,,D12,NA,
cohort 8,2,CAAM,,E01,NA,
cohort 8,2,CAAM,,F02,NA,
cohort 8,2,CAAM,,F14,NA,
cohort 8,3,CAAM,,A09,14,
cohort 8,3,CAAM,,D04,21,
cohort 8,3,CAAM,,E05,NA,
cohort 8,3,CAAM,,F02,NA,
cohort 8,3,CAAM,,G11,NA,
cohort 8,3,CAAM,,G13,NA,
cohort 8,4,CAAM,,A05,9,
cohort 8,4,CAAM,,E03,15,
cohort 8,4,CAAM,,E05,NA,
cohort 8,4,CAAM,,E07,NA,
cohort 8,4,CAAM,,G09,NA,
cohort 8,4,CAAM,,G11,NA,
cohort 8,1,CAAN1,,A03,4,Late cohort 8 petri dish
cohort 8,1,CAAN1,,A11,NA,
cohort 8,1,CAAN1,,E03,NA,
cohort 8,1,CAAN1,,E09,NA,
cohort 8,1,CAAN1,,F08,NA,
cohort 8,1,CAAN1,,G11,NA,
cohort 8,2,CAAN1,,B04,10,Didn't survive 3/31/21
cohort 8,2,CAAN1,,C13,NA,
cohort 8,2,CAAN1,,E07,NA,
cohort 8,2,CAAN1,,F12,NA,
cohort 8,2,CAAN1,,F14,NA,
cohort 8,2,CAAN1,,G01,NA,
cohort 8,3,CAAN1,,A05,14,
cohort 8,3,CAAN1,,A09,NA,
cohort 8,3,CAAN1,,B14,NA,
cohort 8,3,CAAN1,,C01,NA,
cohort 8,3,CAAN1,,E11,NA,
cohort 8,3,CAAN1,,E13,NA,
cohort 8,4,CAAN1,,B04,10,
cohort 8,4,CAAN1,,F02,NA,
cohort 8,4,CAAN1,,F08,NA,
cohort 8,4,CAAN1,,F10,NA,
cohort 8,4,CAAN1,,F12,NA,
cohort 8,4,CAAN1,,F14,NA,
cohort 8,1,CAAN2,,C13,NA,
cohort 8,1,CAAN2,,D08,NA,
cohort 8,1,CAAN2,,F04,NA,
cohort 8,1,CAAN2,,F06,NA,
cohort 8,1,CAAN2,,G07,NA,
cohort 8,1,CAAN2,,G13,NA,
cohort 8,2,CAAN2,,C09,NA,
cohort 8,2,CAAN2,,D06,NA,
cohort 8,2,CAAN2,,F06,NA,
cohort 8,2,CAAN2,,G01,NA,
cohort 8,2,CAAN2,,G03,NA,
cohort 8,2,CAAN2,,G11,NA,
cohort 8,3,CAAN2,,A11,NA,
cohort 8,3,CAAN2,,D02,NA,
cohort 8,3,CAAN2,,D14,NA,
cohort 8,3,CAAN2,,E01,NA,
cohort 8,3,CAAN2,,F02,NA,
cohort 8,3,CAAN2,,F14,NA,
cohort 8,4,CAAN2,,A07,10,
cohort 8,4,CAAN2,,D14,NA,
cohort 8,4,CAAN2,,E01,NA,
cohort 8,4,CAAN2,,E03,NA,
cohort 8,4,CAAN2,,E07,NA,
cohort 8,4,CAAN2,,G03,NA,
cohort 8,1,CACO1,,A07,NA,
cohort 8,1,CACO1,,B10,NA,
cohort 8,1,CACO1,,D08,NA,
cohort 8,1,CACO1,,E05,NA,
cohort 8,1,CACO1,,E11,NA,
cohort 8,1,CACO1,,F06,NA,
cohort 8,2,CACO1,,A13,NA,
cohort 8,2,CACO1,,C13,NA,
cohort 8,2,CACO1,,D02,NA,
cohort 8,2,CACO1,,D08,NA,
cohort 8,2,CACO1,,F04,NA,
cohort 8,2,CACO1,,G11,NA,
cohort 8,3,CACO1,,A03,23,
cohort 8,3,CACO1,,B06,NA,
cohort 8,3,CACO1,,C07,NA,
cohort 8,3,CACO1,,D06,NA,
cohort 8,3,CACO1,,D14,NA,
cohort 8,3,CACO1,,E03,NA,
cohort 8,4,CACO1,,C03,NA,
cohort 8,4,CACO1,,D02,25,
cohort 8,4,CACO1,,E01,NA,
cohort 8,4,CACO1,,E13,NA,
cohort 8,4,CACO1,,F10,NA,
cohort 8,4,CACO1,,G03,NA,
cohort 8,1,CAIN3,,A01,NA,
cohort 8,1,CAIN3,,A09,NA,
cohort 8,1,CAIN3,,B04,NA,
cohort 8,1,CAIN3,,B08,NA,
cohort 8,1,CAIN3,,C13,NA,
cohort 8,1,CAIN3,,F10,NA,
cohort 8,2,CAIN3,,B04,18,
cohort 8,2,CAIN3,,B10,NA,
cohort 8,2,CAIN3,,C03,NA,
cohort 8,2,CAIN3,,C05,NA,
cohort 8,2,CAIN3,,E03,NA,
cohort 8,2,CAIN3,,E05,NA,
cohort 8,3,CAIN3,,A03,14,Cohort 7
cohort 8,3,CAIN3,,B12,NA,
cohort 8,3,CAIN3,,C13,NA,
cohort 8,3,CAIN3,,D08,NA,
cohort 8,3,CAIN3,,E11,NA,
cohort 8,3,CAIN3,,F04,NA,
cohort 8,4,CAIN3,,A07,19,Cohort 7
cohort 8,4,CAIN3,,D02,NA,
cohort 8,4,CAIN3,,E03,NA,
cohort 8,4,CAIN3,,E05,NA,
cohort 8,4,CAIN3,,F04,NA,
cohort 8,4,CAIN3,,F12,NA,
cohort 8,1,CAIN4,,B08,NA,
cohort 8,1,CAIN4,,D06,NA,
cohort 8,1,CAIN4,,D14,NA,
cohort 8,1,CAIN4,,E07,NA,
cohort 8,1,CAIN4,,F04,NA,
cohort 8,1,CAIN4,,F12,NA,
cohort 8,2,CAIN4,,A09,NA,
cohort 8,2,CAIN4,,B12,NA,
cohort 8,2,CAIN4,,C13,NA,
cohort 8,2,CAIN4,,E03,NA,
cohort 8,2,CAIN4,,E09,NA,
cohort 8,2,CAIN4,,F02,NA,
cohort 8,3,CAIN4,,B02,NA,
cohort 8,3,CAIN4,,B10,NA,
cohort 8,3,CAIN4,,D04,NA,
cohort 8,3,CAIN4,,D06,NA,
cohort 8,3,CAIN4,,E13,NA,
cohort 8,3,CAIN4,,G09,NA,
cohort 8,4,CAIN4,,B14,18,Cohort 7
cohort 8,4,CAIN4,,C09,NA,
cohort 8,4,CAIN4,,E07,NA,
cohort 8,4,CAIN4,,E09,NA,
cohort 8,4,CAIN4,,F06,NA,
cohort 8,4,CAIN4,,F12,NA,
cohort 8,1,STBR3,,A07,10,
cohort 8,1,STBR3,,C05,11,
cohort 8,1,STBR3,,D02,7,
cohort 8,1,STBR3,,D12,21,
cohort 8,1,STBR3,,E05,10,
cohort 8,1,STBR3,,F08,13,late cohort 8 transplant
cohort 8,2,STBR3,,A05,11,
cohort 8,2,STBR3,,B02,12,
cohort 8,2,STBR3,,C11,5,
cohort 8,2,STBR3,,E03,9,
cohort 8,2,STBR3,,E07,10,
cohort 8,2,STBR3,,G13,22,late cohort 7
cohort 8,3,STBR3,,A11,11,
cohort 8,3,STBR3,,C13,14,
cohort 8,3,STBR3,,D14,16,
cohort 8,3,STBR3,,E09,11,
cohort 8,3,STBR3,,F10,13,
cohort 8,3,STBR3,,G07,12,Late cohort 7
cohort 8,4,STBR3,,A07,10,
cohort 8,4,STBR3,,C11,11,
cohort 8,4,STBR3,,C13,12,
cohort 8,4,STBR3,,D10,16,
cohort 8,4,STBR3,,E11,17,
cohort 8,4,STBR3,,F14,14,
cohort 8,1,STDI,,B14,5,3/31/21
cohort 8,1,STDI,,D06,NA,
cohort 8,1,STDI,,D08,NA,
cohort 8,1,STDI,,D12,NA,
cohort 8,1,STDI,,F02,NA,
cohort 8,1,STDI,,F14,NA,
cohort 8,2,STDI,,A13,7,3/31/21
cohort 8,2,STDI,,C07,NA,
cohort 8,2,STDI,,D06,NA,
cohort 8,2,STDI,,E01,NA,
cohort 8,2,STDI,,F14,NA,
cohort 8,2,STDI,,G01,NA,
cohort 8,3,STDI,,A05,31,
cohort 8,3,STDI,,B14,5,3/31/21
cohort 8,3,STDI,,C03,NA,
cohort 8,3,STDI,,D04,NA,
cohort 8,3,STDI,,E01,NA,
cohort 8,3,STDI,,E03,NA,
cohort 8,4,STDI,,A11,12,
cohort 8,4,STDI,,A13,10,3/31/21
cohort 8,4,STDI,,C07,NA,
cohort 8,4,STDI,,E01,NA,
cohort 8,4,STDI,,F02,NA,
cohort 8,4,STDI,,G11,NA,
cohort 8,1,STDR2,,B04,NA,
cohort 8,1,STDR2,,B12,NA,
cohort 8,1,STDR2,,C11,NA,
cohort 8,1,STDR2,,D04,NA,
cohort 8,1,STDR2,,D12,NA,
cohort 8,1,STDR2,,D14,NA,
cohort 8,2,STDR2,,B04,NA,
cohort 8,2,STDR2,,B08,NA,
cohort 8,2,STDR2,,C03,NA,
cohort 8,2,STDR2,,E13,NA,
cohort 8,2,STDR2,,G03,NA,
cohort 8,2,STDR2,,G07,NA,
cohort 8,3,STDR2,,A11,NA,
cohort 8,3,STDR2,,D04,NA,
cohort 8,3,STDR2,,E03,NA,
cohort 8,3,STDR2,,E05,NA,
cohort 8,3,STDR2,,E13,NA,
cohort 8,3,STDR2,,G03,NA,
cohort 8,4,STDR2,,A01,16,Late cohort 7 transplant
cohort 8,4,STDR2,,A07,NA,
cohort 8,4,STDR2,,B10,NA,
cohort 8,4,STDR2,,B14,NA,
cohort 8,4,STDR2,,D10,NA,
cohort 8,4,STDR2,,E11,NA,
cohort 8,1,STGL1,,A07,NA,
cohort 8,1,STGL1,,B14,NA,
cohort 8,1,STGL1,,C05,NA,
cohort 8,1,STGL1,,E01,NA,
cohort 8,1,STGL1,,F04,NA,
cohort 8,1,STGL1,,G11,NA,
cohort 8,2,STGL1,,D08,NA,
cohort 8,2,STGL1,,D10,NA,
cohort 8,2,STGL1,,D14,NA,
cohort 8,2,STGL1,,E01,NA,
cohort 8,2,STGL1,,G01,NA,
cohort 8,2,STGL1,,G11,NA,
cohort 8,3,STGL1,,A13,NA,
cohort 8,3,STGL1,,B02,NA,
cohort 8,3,STGL1,,C01,NA,
cohort 8,3,STGL1,,C05,NA,
cohort 8,3,STGL1,,C09,NA,
cohort 8,3,STGL1,,E13,NA,
cohort 8,4,STGL1,,A09,NA,
cohort 8,4,STGL1,,B10,NA,
cohort 8,4,STGL1,,C11,NA,
cohort 8,4,STGL1,,F06,NA,
cohort 8,4,STGL1,,F08,NA,
cohort 8,4,STGL1,,G03,NA,
cohort 8,1,STIN,,A07,10,
cohort 8,1,STIN,,C09,11,
cohort 8,1,STIN,,E03,14,
cohort 8,1,STIN,,E09,10,
cohort 8,1,STIN,,E13,10,
cohort 8,1,STIN,,G01,15,
cohort 8,2,STIN,,A01,15,
cohort 8,2,STIN,,B04,12,
cohort 8,2,STIN,,B12,6,
cohort 8,2,STIN,,D10,11,
cohort 8,2,STIN,,E05,5,
cohort 8,2,STIN,,G01,10,
cohort 8,3,STIN,,A09,11,
cohort 8,3,STIN,,B10,12,
cohort 8,3,STIN,,C07,11,
cohort 8,3,STIN,,D08,11,
cohort 8,3,STIN,,E11,6,
cohort 8,3,STIN,,F14,10,
cohort 8,4,STIN,,C11,11,
cohort 8,4,STIN,,D12,8,
cohort 8,4,STIN,,D14,12,
cohort 8,4,STIN,,E11,6,
cohort 8,4,STIN,,F02,10,
cohort 8,4,STIN,,G07,11,
cohort 8,Extra,STIN,,,6,
cohort 8,1,STPO,,B08,9,
cohort 8,1,STPO,,B10,7,
cohort 8,1,STPO,,C01,6,
cohort 8,1,STPO,,D14,9,
cohort 8,1,STPO,,F10,4,3/31/21
cohort 8,1,STPO,,G13,NA,
cohort 8,2,STPO,,A05,10,
cohort 8,2,STPO,,B12,9,
cohort 8,2,STPO,,B14,12,
cohort 8,2,STPO,,F02,15,
cohort 8,2,STPO,,G03,5,3/31/21
cohort 8,2,STPO,,G11,NA,
cohort 8,3,STPO,,A13,9,
cohort 8,3,STPO,,C01,12,
cohort 8,3,STPO,,D06,14,
cohort 8,3,STPO,,D08,9,
cohort 8,3,STPO,,F12,6,3/31/21
cohort 8,3,STPO,,G13,NA,
cohort 8,4,STPO,,A09,8,
cohort 8,4,STPO,,A11,12,
cohort 8,4,STPO,,B04,10,
cohort 8,4,STPO,,E13,10,
cohort 8,4,STPO,,F06,5,3/31/21
cohort 8,4,STPO,,F12,NA,
cohort 8,1,STTO_BH,,C05,NA,
cohort 8,1,STTO_BH,,D08,NA,
cohort 8,1,STTO_BH,,D10,NA,
cohort 8,1,STTO_BH,,F02,NA,
cohort 8,1,STTO_BH,,F12,NA,
cohort 8,1,STTO_BH,,G01,NA,
cohort 8,2,STTO_BH,,A07,NA,
cohort 8,2,STTO_BH,,B06,NA,
cohort 8,2,STTO_BH,,C03,NA,
cohort 8,2,STTO_BH,,D04,NA,
cohort 8,2,STTO_BH,,F08,NA,
cohort 8,2,STTO_BH,,G11,NA,
cohort 8,3,STTO_BH,,B04,NA,
cohort 8,3,STTO_BH,,C09,NA,
cohort 8,3,STTO_BH,,D02,NA,
cohort 8,3,STTO_BH,,E01,NA,
cohort 8,3,STTO_BH,,E07,NA,
cohort 8,3,STTO_BH,,F06,NA,
cohort 8,4,STTO_BH,,A11,8,3/31/21
cohort 8,4,STTO_BH,,B04,NA,
cohort 8,4,STTO_BH,,B08,NA,
cohort 8,4,STTO_BH,,C09,NA,
cohort 8,4,STTO_BH,,D10,NA,
cohort 8,4,STTO_BH,,E05,NA,
cohort 8,1,STTO_TM2,,A05,11,Cohort 8 petri
cohort 8,1,STTO_TM2,,D08,NA,
cohort 8,1,STTO_TM2,,E03,NA,
cohort 8,1,STTO_TM2,,E09,NA,
cohort 8,1,STTO_TM2,,G09,NA,
cohort 8,1,STTO_TM2,,G11,NA,
cohort 8,2,STTO_TM2,,A01,11,
cohort 8,2,STTO_TM2,,A11,15,Late cohort 8
cohort 8,2,STTO_TM2,,D14,NA,
cohort 8,2,STTO_TM2,,E13,NA,
cohort 8,2,STTO_TM2,,F02,NA,
cohort 8,2,STTO_TM2,,G01,NA,
cohort 8,3,STTO_TM2,,A11,11,
cohort 8,3,STTO_TM2,,B04,15,Late cohort 8
cohort 8,3,STTO_TM2,,D08,NA,
cohort 8,3,STTO_TM2,,D10,NA,
cohort 8,3,STTO_TM2,,F12,NA,
cohort 8,3,STTO_TM2,,G03,NA,
cohort 8,4,STTO_TM2,,A05,12,
cohort 8,4,STTO_TM2,,C01,2,Cohort 8 petri
cohort 8,4,STTO_TM2,,C09,NA,
cohort 8,4,STTO_TM2,,D14,NA,
cohort 8,4,STTO_TM2,,F06,NA,
cohort 8,4,STTO_TM2,,G05,NA,